0, 0x38290
0, 0x3a2c0
0, 0x38310
0, 0x3a340
0, 0x38390
0, 0x3a3c0
0, 0x38410
0, 0x3a440
0, 0x38490
0, 0x3a4c0
0, 0x38510
0, 0x3a540
0, 0x38590
0, 0x3a5c0
0, 0x38610
0, 0x3a640
0, 0x38290
0, 0x3a2c0
2, 2
3, 0
3, 0
3, 0
3, 0
3, 0
3, 0
3, 0
3, 0
3, 0
3, 0
3, 0
3, 0
3, 0
3, 0
3, 0
3, 0
1, 0x3a2c0
0, 0x38310
0, 0x3a340
2, 2
3, 0
3, 0
3, 0
3, 0
3, 0
3, 0
3, 0
3, 0
3, 0
3, 0
3, 0
3, 0
3, 0
3, 0
3, 0
3, 0
1, 0x3a340
0, 0x38390
0, 0x3a3c0
2, 2
3, 0
3, 0
3, 0
3, 0
3, 0
3, 0
3, 0
3, 0
3, 0
3, 0
3, 0
3, 0
3, 0
3, 0
3, 0
3, 0
1, 0x3a3c0
0, 0x38410
0, 0x3a440
2, 2
3, 0
3, 0
3, 0
3, 0
3, 0
3, 0
3, 0
3, 0
3, 0
3, 0
3, 0
3, 0
3, 0
3, 0
3, 0
3, 0
1, 0x3a440
0, 0x38490
0, 0x3a4c0
2, 2
3, 0
3, 0
3, 0
3, 0
3, 0
3, 0
3, 0
3, 0
3, 0
3, 0
3, 0
3, 0
3, 0
3, 0
3, 0
3, 0
1, 0x3a4c0
0, 0x38510
0, 0x3a540
2, 2
3, 0
3, 0
3, 0
3, 0
3, 0
3, 0
3, 0
3, 0
3, 0
3, 0
3, 0
3, 0
3, 0
3, 0
3, 0
3, 0
1, 0x3a540
0, 0x38590
0, 0x3a5c0
2, 2
3, 0
3, 0
3, 0
3, 0
3, 0
3, 0
3, 0
3, 0
3, 0
3, 0
3, 0
3, 0
3, 0
3, 0
3, 0
3, 0
1, 0x3a5c0
0, 0x38610
0, 0x3a640
2, 2
3, 0
3, 0
3, 0
3, 0
3, 0
3, 0
3, 0
3, 0
3, 0
3, 0
3, 0
3, 0
3, 0
3, 0
3, 0
3, 0
0, 0x38690
0, 0x3a6c0
0, 0x38710
0, 0x3a740
0, 0x38790
0, 0x3a7c0
0, 0x38810
0, 0x3a840
0, 0x38890
0, 0x3a8c0
0, 0x38910
0, 0x3a940
0, 0x38990
0, 0x3a9c0
0, 0x38a10
0, 0x3aa40
1, 0x3a640
0, 0x38690
0, 0x3a6c0
2, 2
3, 0
3, 0
3, 0
3, 0
3, 0
3, 0
3, 0
3, 0
3, 0
3, 0
3, 0
3, 0
3, 0
3, 0
3, 0
3, 0
1, 0x3a6c0
0, 0x38710
0, 0x3a740
2, 2
3, 0
3, 0
3, 0
3, 0
3, 0
3, 0
3, 0
3, 0
3, 0
3, 0
3, 0
3, 0
3, 0
3, 0
3, 0
3, 0
1, 0x3a740
0, 0x38790
0, 0x3a7c0
2, 2
3, 0
3, 0
3, 0
3, 0
3, 0
3, 0
3, 0
3, 0
3, 0
3, 0
3, 0
3, 0
3, 0
3, 0
3, 0
3, 0
1, 0x3a7c0
0, 0x38810
0, 0x3a840
2, 2
3, 0
3, 0
3, 0
3, 0
3, 0
3, 0
3, 0
3, 0
3, 0
3, 0
3, 0
3, 0
3, 0
3, 0
3, 0
3, 0
1, 0x3a840
0, 0x38890
0, 0x3a8c0
2, 2
3, 0
3, 0
3, 0
3, 0
3, 0
3, 0
3, 0
3, 0
3, 0
3, 0
3, 0
3, 0
3, 0
3, 0
3, 0
3, 0
1, 0x3a8c0
0, 0x38910
0, 0x3a940
2, 2
3, 0
3, 0
3, 0
3, 0
3, 0
3, 0
3, 0
3, 0
3, 0
3, 0
3, 0
3, 0
3, 0
3, 0
3, 0
3, 0
1, 0x3a940
0, 0x38990
0, 0x3a9c0
2, 2
3, 0
3, 0
3, 0
3, 0
3, 0
3, 0
3, 0
3, 0
3, 0
3, 0
3, 0
3, 0
3, 0
3, 0
3, 0
3, 0
1, 0x3a9c0
0, 0x38a10
0, 0x3aa40
2, 2
3, 0
3, 0
3, 0
3, 0
3, 0
3, 0
3, 0
3, 0
3, 0
3, 0
3, 0
3, 0
3, 0
3, 0
3, 0
3, 0
0, 0x38a90
0, 0x3aac0
0, 0x38b10
0, 0x3ab40
0, 0x38b90
0, 0x3abc0
0, 0x38c10
0, 0x3ac40
0, 0x38c90
0, 0x3acc0
0, 0x38d10
0, 0x3ad40
0, 0x38d90
0, 0x3adc0
0, 0x38e10
0, 0x3ae40
1, 0x3aa40
0, 0x38a90
0, 0x3aac0
2, 2
3, 0
3, 0
3, 0
3, 0
3, 0
3, 0
3, 0
3, 0
3, 0
3, 0
3, 0
3, 0
3, 0
3, 0
3, 0
3, 0
1, 0x3aac0
0, 0x38b10
0, 0x3ab40
2, 2
3, 0
3, 0
3, 0
3, 0
3, 0
3, 0
3, 0
3, 0
3, 0
3, 0
3, 0
3, 0
3, 0
3, 0
3, 0
3, 0
1, 0x3ab40
0, 0x38b90
0, 0x3abc0
2, 2
3, 0
3, 0
3, 0
3, 0
3, 0
3, 0
3, 0
3, 0
3, 0
3, 0
3, 0
3, 0
3, 0
3, 0
3, 0
3, 0
1, 0x3abc0
0, 0x38c10
0, 0x3ac40
2, 2
3, 0
3, 0
3, 0
3, 0
3, 0
3, 0
3, 0
3, 0
3, 0
3, 0
3, 0
3, 0
3, 0
3, 0
3, 0
3, 0
1, 0x3ac40
0, 0x38c90
0, 0x3acc0
2, 2
3, 0
3, 0
3, 0
3, 0
3, 0
3, 0
3, 0
3, 0
3, 0
3, 0
3, 0
3, 0
3, 0
3, 0
3, 0
3, 0
1, 0x3acc0
0, 0x38d10
0, 0x3ad40
2, 2
3, 0
3, 0
3, 0
3, 0
3, 0
3, 0
3, 0
3, 0
3, 0
3, 0
3, 0
3, 0
3, 0
3, 0
3, 0
3, 0
1, 0x3ad40
0, 0x38d90
0, 0x3adc0
2, 2
3, 0
3, 0
3, 0
3, 0
3, 0
3, 0
3, 0
3, 0
3, 0
3, 0
3, 0
3, 0
3, 0
3, 0
3, 0
3, 0
1, 0x3adc0
0, 0x38e10
0, 0x3ae40
2, 2
3, 0
3, 0
3, 0
3, 0
3, 0
3, 0
3, 0
3, 0
3, 0
3, 0
3, 0
3, 0
3, 0
3, 0
3, 0
3, 0
0, 0x38e90
0, 0x3aec0
0, 0x38f10
0, 0x3af40
0, 0x38f90
0, 0x3afc0
0, 0x39010
0, 0x3b040
0, 0x39090
0, 0x3b0c0
0, 0x39110
0, 0x3b140
0, 0x39190
0, 0x3b1c0
0, 0x39210
0, 0x3b240
1, 0x3ae40
0, 0x38e90
0, 0x3aec0
2, 2
3, 0
3, 0
3, 0
3, 0
3, 0
3, 0
3, 0
3, 0
3, 0
3, 0
3, 0
3, 0
3, 0
3, 0
3, 0
3, 0
1, 0x3aec0
0, 0x38f10
0, 0x3af40
2, 2
3, 0
3, 0
3, 0
3, 0
3, 0
3, 0
3, 0
3, 0
3, 0
3, 0
3, 0
3, 0
3, 0
3, 0
3, 0
3, 0
1, 0x3af40
0, 0x38f90
0, 0x3afc0
2, 2
3, 0
3, 0
3, 0
3, 0
3, 0
3, 0
3, 0
3, 0
3, 0
3, 0
3, 0
3, 0
3, 0
3, 0
3, 0
3, 0
1, 0x3afc0
0, 0x39010
0, 0x3b040
2, 2
3, 0
3, 0
3, 0
3, 0
3, 0
3, 0
3, 0
3, 0
3, 0
3, 0
3, 0
3, 0
3, 0
3, 0
3, 0
3, 0
1, 0x3b040
0, 0x39090
0, 0x3b0c0
2, 2
3, 0
3, 0
3, 0
3, 0
3, 0
3, 0
3, 0
3, 0
3, 0
3, 0
3, 0
3, 0
3, 0
3, 0
3, 0
3, 0
1, 0x3b0c0
0, 0x39110
0, 0x3b140
2, 2
3, 0
3, 0
3, 0
3, 0
3, 0
3, 0
3, 0
3, 0
3, 0
3, 0
3, 0
3, 0
3, 0
3, 0
3, 0
3, 0
1, 0x3b140
0, 0x39190
0, 0x3b1c0
2, 2
3, 0
3, 0
3, 0
3, 0
3, 0
3, 0
3, 0
3, 0
3, 0
3, 0
3, 0
3, 0
3, 0
3, 0
3, 0
3, 0
1, 0x3b1c0
0, 0x39210
0, 0x3b240
2, 2
3, 0
3, 0
3, 0
3, 0
3, 0
3, 0
3, 0
3, 0
3, 0
3, 0
3, 0
3, 0
3, 0
3, 0
3, 0
3, 0
0, 0x39290
0, 0x3b2c0
0, 0x39310
0, 0x3b340
0, 0x39390
0, 0x3b3c0
0, 0x39410
0, 0x3b440
0, 0x39490
0, 0x3b4c0
0, 0x39510
0, 0x3b540
0, 0x39590
0, 0x3b5c0
0, 0x39610
0, 0x3b640
1, 0x3b240
0, 0x39290
0, 0x3b2c0
2, 2
3, 0
3, 0
3, 0
3, 0
3, 0
3, 0
3, 0
3, 0
3, 0
3, 0
3, 0
3, 0
3, 0
3, 0
3, 0
3, 0
1, 0x3b2c0
0, 0x39310
0, 0x3b340
2, 2
3, 0
3, 0
3, 0
3, 0
3, 0
3, 0
3, 0
3, 0
3, 0
3, 0
3, 0
3, 0
3, 0
3, 0
3, 0
3, 0
1, 0x3b340
0, 0x39390
0, 0x3b3c0
2, 2
3, 0
3, 0
3, 0
3, 0
3, 0
3, 0
3, 0
3, 0
3, 0
3, 0
3, 0
3, 0
3, 0
3, 0
3, 0
3, 0
1, 0x3b3c0
0, 0x39410
0, 0x3b440
2, 2
3, 0
3, 0
3, 0
3, 0
3, 0
3, 0
3, 0
3, 0
3, 0
3, 0
3, 0
3, 0
3, 0
3, 0
3, 0
3, 0
1, 0x3b440
0, 0x39490
0, 0x3b4c0
2, 2
3, 0
3, 0
3, 0
3, 0
3, 0
3, 0
3, 0
3, 0
3, 0
3, 0
3, 0
3, 0
3, 0
3, 0
3, 0
3, 0
1, 0x3b4c0
0, 0x39510
0, 0x3b540
2, 2
3, 0
3, 0
3, 0
3, 0
3, 0
3, 0
3, 0
3, 0
3, 0
3, 0
3, 0
3, 0
3, 0
3, 0
3, 0
3, 0
1, 0x3b540
0, 0x39590
0, 0x3b5c0
2, 2
3, 0
3, 0
3, 0
3, 0
3, 0
3, 0
3, 0
3, 0
3, 0
3, 0
3, 0
3, 0
3, 0
3, 0
3, 0
3, 0
1, 0x3b5c0
0, 0x39610
0, 0x3b640
2, 2
3, 0
3, 0
3, 0
3, 0
3, 0
3, 0
3, 0
3, 0
3, 0
3, 0
3, 0
3, 0
3, 0
3, 0
3, 0
3, 0
0, 0x39690
0, 0x3b6c0
0, 0x39710
0, 0x3b740
0, 0x39790
0, 0x3b7c0
0, 0x39810
0, 0x3b840
0, 0x39890
0, 0x3b8c0
0, 0x39910
0, 0x3b940
0, 0x39990
0, 0x3b9c0
0, 0x39a10
0, 0x3ba40
1, 0x3b640
0, 0x39690
0, 0x3b6c0
2, 2
3, 0
3, 0
3, 0
3, 0
3, 0
3, 0
3, 0
3, 0
3, 0
3, 0
3, 0
3, 0
3, 0
3, 0
3, 0
3, 0
1, 0x3b6c0
0, 0x39710
0, 0x3b740
2, 2
3, 0
3, 0
3, 0
3, 0
3, 0
3, 0
3, 0
3, 0
3, 0
3, 0
3, 0
3, 0
3, 0
3, 0
3, 0
3, 0
1, 0x3b740
0, 0x39790
0, 0x3b7c0
2, 2
3, 0
3, 0
3, 0
3, 0
3, 0
3, 0
3, 0
3, 0
3, 0
3, 0
3, 0
3, 0
3, 0
3, 0
3, 0
3, 0
1, 0x3b7c0
0, 0x39810
0, 0x3b840
2, 2
3, 0
3, 0
3, 0
3, 0
3, 0
3, 0
3, 0
3, 0
3, 0
3, 0
3, 0
3, 0
3, 0
3, 0
3, 0
3, 0
1, 0x3b840
0, 0x39890
0, 0x3b8c0
2, 2
3, 0
3, 0
3, 0
3, 0
3, 0
3, 0
3, 0
3, 0
3, 0
3, 0
3, 0
3, 0
3, 0
3, 0
3, 0
3, 0
1, 0x3b8c0
0, 0x39910
0, 0x3b940
2, 2
3, 0
3, 0
3, 0
3, 0
3, 0
3, 0
3, 0
3, 0
3, 0
3, 0
3, 0
3, 0
3, 0
3, 0
3, 0
3, 0
1, 0x3b940
0, 0x39990
0, 0x3b9c0
2, 2
3, 0
3, 0
3, 0
3, 0
3, 0
3, 0
3, 0
3, 0
3, 0
3, 0
3, 0
3, 0
3, 0
3, 0
3, 0
3, 0
1, 0x3b9c0
0, 0x39a10
0, 0x3ba40
2, 2
3, 0
3, 0
3, 0
3, 0
3, 0
3, 0
3, 0
3, 0
3, 0
3, 0
3, 0
3, 0
3, 0
3, 0
3, 0
3, 0
0, 0x39a90
0, 0x3bac0
0, 0x39b10
0, 0x3bb40
0, 0x39b90
0, 0x3bbc0
0, 0x39c10
0, 0x3bc40
0, 0x39c90
0, 0x3bcc0
0, 0x39d10
0, 0x3bd40
0, 0x39d90
0, 0x3bdc0
0, 0x39e10
0, 0x3be40
1, 0x3ba40
0, 0x39a90
0, 0x3bac0
2, 2
3, 0
3, 0
3, 0
3, 0
3, 0
3, 0
3, 0
3, 0
3, 0
3, 0
3, 0
3, 0
3, 0
3, 0
3, 0
3, 0
1, 0x3bac0
0, 0x39b10
0, 0x3bb40
2, 2
3, 0
3, 0
3, 0
3, 0
3, 0
3, 0
3, 0
3, 0
3, 0
3, 0
3, 0
3, 0
3, 0
3, 0
3, 0
3, 0
1, 0x3bb40
0, 0x39b90
0, 0x3bbc0
2, 2
3, 0
3, 0
3, 0
3, 0
3, 0
3, 0
3, 0
3, 0
3, 0
3, 0
3, 0
3, 0
3, 0
3, 0
3, 0
3, 0
1, 0x3bbc0
0, 0x39c10
0, 0x3bc40
2, 2
3, 0
3, 0
3, 0
3, 0
3, 0
3, 0
3, 0
3, 0
3, 0
3, 0
3, 0
3, 0
3, 0
3, 0
3, 0
3, 0
1, 0x3bc40
0, 0x39c90
0, 0x3bcc0
2, 2
3, 0
3, 0
3, 0
3, 0
3, 0
3, 0
3, 0
3, 0
3, 0
3, 0
3, 0
3, 0
3, 0
3, 0
3, 0
3, 0
1, 0x3bcc0
0, 0x39d10
0, 0x3bd40
2, 2
3, 0
3, 0
3, 0
3, 0
3, 0
3, 0
3, 0
3, 0
3, 0
3, 0
3, 0
3, 0
3, 0
3, 0
3, 0
3, 0
1, 0x3bd40
0, 0x39d90
0, 0x3bdc0
2, 2
3, 0
3, 0
3, 0
3, 0
3, 0
3, 0
3, 0
3, 0
3, 0
3, 0
3, 0
3, 0
3, 0
3, 0
3, 0
3, 0
1, 0x3bdc0
0, 0x39e10
0, 0x3be40
2, 2
3, 0
3, 0
3, 0
3, 0
3, 0
3, 0
3, 0
3, 0
3, 0
3, 0
3, 0
3, 0
3, 0
3, 0
3, 0
3, 0
0, 0x39e90
0, 0x3bec0
0, 0x39f10
0, 0x3bf40
0, 0x39f90
0, 0x3bfc0
0, 0x3a010
0, 0x3c040
0, 0x3a090
0, 0x3c0c0
0, 0x3a110
0, 0x3c140
0, 0x3a190
0, 0x3c1c0
0, 0x3a210
0, 0x3c240
1, 0x3be40
0, 0x39e90
0, 0x3bec0
2, 2
3, 0
3, 0
3, 0
3, 0
3, 0
3, 0
3, 0
3, 0
3, 0
3, 0
3, 0
3, 0
3, 0
3, 0
3, 0
3, 0
1, 0x3bec0
0, 0x39f10
0, 0x3bf40
2, 2
3, 0
3, 0
3, 0
3, 0
3, 0
3, 0
3, 0
3, 0
3, 0
3, 0
3, 0
3, 0
3, 0
3, 0
3, 0
3, 0
1, 0x3bf40
0, 0x39f90
0, 0x3bfc0
2, 2
3, 0
3, 0
3, 0
3, 0
3, 0
3, 0
3, 0
3, 0
3, 0
3, 0
3, 0
3, 0
3, 0
3, 0
3, 0
3, 0
1, 0x3bfc0
0, 0x3a010
0, 0x3c040
2, 2
3, 0
3, 0
3, 0
3, 0
3, 0
3, 0
3, 0
3, 0
3, 0
3, 0
3, 0
3, 0
3, 0
3, 0
3, 0
3, 0
1, 0x3c040
0, 0x3a090
0, 0x3c0c0
2, 2
3, 0
3, 0
3, 0
3, 0
3, 0
3, 0
3, 0
3, 0
3, 0
3, 0
3, 0
3, 0
3, 0
3, 0
3, 0
3, 0
1, 0x3c0c0
0, 0x3a110
0, 0x3c140
2, 2
3, 0
3, 0
3, 0
3, 0
3, 0
3, 0
3, 0
3, 0
3, 0
3, 0
3, 0
3, 0
3, 0
3, 0
3, 0
3, 0
1, 0x3c140
0, 0x3a190
0, 0x3c1c0
2, 2
3, 0
3, 0
3, 0
3, 0
3, 0
3, 0
3, 0
3, 0
3, 0
3, 0
3, 0
3, 0
3, 0
3, 0
3, 0
3, 0
1, 0x3c1c0
0, 0x3a210
0, 0x3c240
2, 2
3, 0
3, 0
3, 0
3, 0
3, 0
3, 0
3, 0
3, 0
3, 0
3, 0
3, 0
3, 0
3, 0
3, 0
3, 0
3, 0
3, 0
3, 0
3, 0
3, 0
0, 0x38290
0, 0x3a310
0, 0x38310
0, 0x3a390
0, 0x38390
0, 0x3a410
0, 0x38410
0, 0x3a490
0, 0x38490
0, 0x3a510
0, 0x38510
0, 0x3a590
0, 0x38590
0, 0x3a610
0, 0x38610
0, 0x3a690
1, 0x3c240
0, 0x38290
0, 0x3a310
2, 2
3, 0
3, 0
3, 0
3, 0
3, 0
3, 0
3, 0
3, 0
3, 0
3, 0
3, 0
3, 0
3, 0
3, 0
3, 0
3, 0
1, 0x3a310
0, 0x38310
0, 0x3a390
2, 2
3, 0
3, 0
3, 0
3, 0
3, 0
3, 0
3, 0
3, 0
3, 0
3, 0
3, 0
3, 0
3, 0
3, 0
3, 0
3, 0
1, 0x3a390
0, 0x38390
0, 0x3a410
2, 2
3, 0
3, 0
3, 0
3, 0
3, 0
3, 0
3, 0
3, 0
3, 0
3, 0
3, 0
3, 0
3, 0
3, 0
3, 0
3, 0
1, 0x3a410
0, 0x38410
0, 0x3a490
2, 2
3, 0
3, 0
3, 0
3, 0
3, 0
3, 0
3, 0
3, 0
3, 0
3, 0
3, 0
3, 0
3, 0
3, 0
3, 0
3, 0
1, 0x3a490
0, 0x38490
0, 0x3a510
2, 2
3, 0
3, 0
3, 0
3, 0
3, 0
3, 0
3, 0
3, 0
3, 0
3, 0
3, 0
3, 0
3, 0
3, 0
3, 0
3, 0
1, 0x3a510
0, 0x38510
0, 0x3a590
2, 2
3, 0
3, 0
3, 0
3, 0
3, 0
3, 0
3, 0
3, 0
3, 0
3, 0
3, 0
3, 0
3, 0
3, 0
3, 0
3, 0
1, 0x3a590
0, 0x38590
0, 0x3a610
2, 2
3, 0
3, 0
3, 0
3, 0
3, 0
3, 0
3, 0
3, 0
3, 0
3, 0
3, 0
3, 0
3, 0
3, 0
3, 0
3, 0
1, 0x3a610
0, 0x38610
0, 0x3a690
2, 2
3, 0
3, 0
3, 0
3, 0
3, 0
3, 0
3, 0
3, 0
3, 0
3, 0
3, 0
3, 0
3, 0
3, 0
3, 0
3, 0
0, 0x38690
0, 0x3a710
0, 0x38710
0, 0x3a790
0, 0x38790
0, 0x3a810
0, 0x38810
0, 0x3a890
0, 0x38890
0, 0x3a910
0, 0x38910
0, 0x3a990
0, 0x38990
0, 0x3aa10
0, 0x38a10
0, 0x3aa90
1, 0x3a690
0, 0x38690
0, 0x3a710
2, 2
3, 0
3, 0
3, 0
3, 0
3, 0
3, 0
3, 0
3, 0
3, 0
3, 0
3, 0
3, 0
3, 0
3, 0
3, 0
3, 0
1, 0x3a710
0, 0x38710
0, 0x3a790
2, 2
3, 0
3, 0
3, 0
3, 0
3, 0
3, 0
3, 0
3, 0
3, 0
3, 0
3, 0
3, 0
3, 0
3, 0
3, 0
3, 0
1, 0x3a790
0, 0x38790
0, 0x3a810
2, 2
3, 0
3, 0
3, 0
3, 0
3, 0
3, 0
3, 0
3, 0
3, 0
3, 0
3, 0
3, 0
3, 0
3, 0
3, 0
3, 0
1, 0x3a810
0, 0x38810
0, 0x3a890
2, 2
3, 0
3, 0
3, 0
3, 0
3, 0
3, 0
3, 0
3, 0
3, 0
3, 0
3, 0
3, 0
3, 0
3, 0
3, 0
3, 0
1, 0x3a890
0, 0x38890
0, 0x3a910
2, 2
3, 0
3, 0
3, 0
3, 0
3, 0
3, 0
3, 0
3, 0
3, 0
3, 0
3, 0
3, 0
3, 0
3, 0
3, 0
3, 0
1, 0x3a910
0, 0x38910
0, 0x3a990
2, 2
3, 0
3, 0
3, 0
3, 0
3, 0
3, 0
3, 0
3, 0
3, 0
3, 0
3, 0
3, 0
3, 0
3, 0
3, 0
3, 0
1, 0x3a990
0, 0x38990
0, 0x3aa10
2, 2
3, 0
3, 0
3, 0
3, 0
3, 0
3, 0
3, 0
3, 0
3, 0
3, 0
3, 0
3, 0
3, 0
3, 0
3, 0
3, 0
1, 0x3aa10
0, 0x38a10
0, 0x3aa90
2, 2
3, 0
3, 0
3, 0
3, 0
3, 0
3, 0
3, 0
3, 0
3, 0
3, 0
3, 0
3, 0
3, 0
3, 0
3, 0
3, 0
0, 0x38a90
0, 0x3ab10
0, 0x38b10
0, 0x3ab90
0, 0x38b90
0, 0x3ac10
0, 0x38c10
0, 0x3ac90
0, 0x38c90
0, 0x3ad10
0, 0x38d10
0, 0x3ad90
0, 0x38d90
0, 0x3ae10
0, 0x38e10
0, 0x3ae90
1, 0x3aa90
0, 0x38a90
0, 0x3ab10
2, 2
3, 0
3, 0
3, 0
3, 0
3, 0
3, 0
3, 0
3, 0
3, 0
3, 0
3, 0
3, 0
3, 0
3, 0
3, 0
3, 0
1, 0x3ab10
0, 0x38b10
0, 0x3ab90
2, 2
3, 0
3, 0
3, 0
3, 0
3, 0
3, 0
3, 0
3, 0
3, 0
3, 0
3, 0
3, 0
3, 0
3, 0
3, 0
3, 0
1, 0x3ab90
0, 0x38b90
0, 0x3ac10
2, 2
3, 0
3, 0
3, 0
3, 0
3, 0
3, 0
3, 0
3, 0
3, 0
3, 0
3, 0
3, 0
3, 0
3, 0
3, 0
3, 0
1, 0x3ac10
0, 0x38c10
0, 0x3ac90
2, 2
3, 0
3, 0
3, 0
3, 0
3, 0
3, 0
3, 0
3, 0
3, 0
3, 0
3, 0
3, 0
3, 0
3, 0
3, 0
3, 0
1, 0x3ac90
0, 0x38c90
0, 0x3ad10
2, 2
3, 0
3, 0
3, 0
3, 0
3, 0
3, 0
3, 0
3, 0
3, 0
3, 0
3, 0
3, 0
3, 0
3, 0
3, 0
3, 0
1, 0x3ad10
0, 0x38d10
0, 0x3ad90
2, 2
3, 0
3, 0
3, 0
3, 0
3, 0
3, 0
3, 0
3, 0
3, 0
3, 0
3, 0
3, 0
3, 0
3, 0
3, 0
3, 0
1, 0x3ad90
0, 0x38d90
0, 0x3ae10
2, 2
3, 0
3, 0
3, 0
3, 0
3, 0
3, 0
3, 0
3, 0
3, 0
3, 0
3, 0
3, 0
3, 0
3, 0
3, 0
3, 0
1, 0x3ae10
0, 0x38e10
0, 0x3ae90
2, 2
3, 0
3, 0
3, 0
3, 0
3, 0
3, 0
3, 0
3, 0
3, 0
3, 0
3, 0
3, 0
3, 0
3, 0
3, 0
3, 0
0, 0x38e90
0, 0x3af10
0, 0x38f10
0, 0x3af90
0, 0x38f90
0, 0x3b010
0, 0x39010
0, 0x3b090
0, 0x39090
0, 0x3b110
0, 0x39110
0, 0x3b190
0, 0x39190
0, 0x3b210
0, 0x39210
0, 0x3b290
1, 0x3ae90
0, 0x38e90
0, 0x3af10
2, 2
3, 0
3, 0
3, 0
3, 0
3, 0
3, 0
3, 0
3, 0
3, 0
3, 0
3, 0
3, 0
3, 0
3, 0
3, 0
3, 0
1, 0x3af10
0, 0x38f10
0, 0x3af90
2, 2
3, 0
3, 0
3, 0
3, 0
3, 0
3, 0
3, 0
3, 0
3, 0
3, 0
3, 0
3, 0
3, 0
3, 0
3, 0
3, 0
1, 0x3af90
0, 0x38f90
0, 0x3b010
2, 2
3, 0
3, 0
3, 0
3, 0
3, 0
3, 0
3, 0
3, 0
3, 0
3, 0
3, 0
3, 0
3, 0
3, 0
3, 0
3, 0
1, 0x3b010
0, 0x39010
0, 0x3b090
2, 2
3, 0
3, 0
3, 0
3, 0
3, 0
3, 0
3, 0
3, 0
3, 0
3, 0
3, 0
3, 0
3, 0
3, 0
3, 0
3, 0
1, 0x3b090
0, 0x39090
0, 0x3b110
2, 2
3, 0
3, 0
3, 0
3, 0
3, 0
3, 0
3, 0
3, 0
3, 0
3, 0
3, 0
3, 0
3, 0
3, 0
3, 0
3, 0
1, 0x3b110
0, 0x39110
0, 0x3b190
2, 2
3, 0
3, 0
3, 0
3, 0
3, 0
3, 0
3, 0
3, 0
3, 0
3, 0
3, 0
3, 0
3, 0
3, 0
3, 0
3, 0
1, 0x3b190
0, 0x39190
0, 0x3b210
2, 2
3, 0
3, 0
3, 0
3, 0
3, 0
3, 0
3, 0
3, 0
3, 0
3, 0
3, 0
3, 0
3, 0
3, 0
3, 0
3, 0
1, 0x3b210
0, 0x39210
0, 0x3b290
2, 2
3, 0
3, 0
3, 0
3, 0
3, 0
3, 0
3, 0
3, 0
3, 0
3, 0
3, 0
3, 0
3, 0
3, 0
3, 0
3, 0
0, 0x39290
0, 0x3b310
0, 0x39310
0, 0x3b390
0, 0x39390
0, 0x3b410
0, 0x39410
0, 0x3b490
0, 0x39490
0, 0x3b510
0, 0x39510
0, 0x3b590
0, 0x39590
0, 0x3b610
0, 0x39610
0, 0x3b690
1, 0x3b290
0, 0x39290
0, 0x3b310
2, 2
3, 0
3, 0
3, 0
3, 0
3, 0
3, 0
3, 0
3, 0
3, 0
3, 0
3, 0
3, 0
3, 0
3, 0
3, 0
3, 0
1, 0x3b310
0, 0x39310
0, 0x3b390
2, 2
3, 0
3, 0
3, 0
3, 0
3, 0
3, 0
3, 0
3, 0
3, 0
3, 0
3, 0
3, 0
3, 0
3, 0
3, 0
3, 0
1, 0x3b390
0, 0x39390
0, 0x3b410
2, 2
3, 0
3, 0
3, 0
3, 0
3, 0
3, 0
3, 0
3, 0
3, 0
3, 0
3, 0
3, 0
3, 0
3, 0
3, 0
3, 0
1, 0x3b410
0, 0x39410
0, 0x3b490
2, 2
3, 0
3, 0
3, 0
3, 0
3, 0
3, 0
3, 0
3, 0
3, 0
3, 0
3, 0
3, 0
3, 0
3, 0
3, 0
3, 0
1, 0x3b490
0, 0x39490
0, 0x3b510
2, 2
3, 0
3, 0
3, 0
3, 0
3, 0
3, 0
3, 0
3, 0
3, 0
3, 0
3, 0
3, 0
3, 0
3, 0
3, 0
3, 0
1, 0x3b510
0, 0x39510
0, 0x3b590
2, 2
3, 0
3, 0
3, 0
3, 0
3, 0
3, 0
3, 0
3, 0
3, 0
3, 0
3, 0
3, 0
3, 0
3, 0
3, 0
3, 0
1, 0x3b590
0, 0x39590
0, 0x3b610
2, 2
3, 0
3, 0
3, 0
3, 0
3, 0
3, 0
3, 0
3, 0
3, 0
3, 0
3, 0
3, 0
3, 0
3, 0
3, 0
3, 0
1, 0x3b610
0, 0x39610
0, 0x3b690
2, 2
3, 0
3, 0
3, 0
3, 0
3, 0
3, 0
3, 0
3, 0
3, 0
3, 0
3, 0
3, 0
3, 0
3, 0
3, 0
3, 0
0, 0x39690
0, 0x3b710
0, 0x39710
0, 0x3b790
0, 0x39790
0, 0x3b810
0, 0x39810
0, 0x3b890
0, 0x39890
0, 0x3b910
0, 0x39910
0, 0x3b990
0, 0x39990
0, 0x3ba10
0, 0x39a10
0, 0x3ba90
1, 0x3b690
0, 0x39690
0, 0x3b710
2, 2
3, 0
3, 0
3, 0
3, 0
3, 0
3, 0
3, 0
3, 0
3, 0
3, 0
3, 0
3, 0
3, 0
3, 0
3, 0
3, 0
1, 0x3b710
0, 0x39710
0, 0x3b790
2, 2
3, 0
3, 0
3, 0
3, 0
3, 0
3, 0
3, 0
3, 0
3, 0
3, 0
3, 0
3, 0
3, 0
3, 0
3, 0
3, 0
1, 0x3b790
0, 0x39790
0, 0x3b810
2, 2
3, 0
3, 0
3, 0
3, 0
3, 0
3, 0
3, 0
3, 0
3, 0
3, 0
3, 0
3, 0
3, 0
3, 0
3, 0
3, 0
1, 0x3b810
0, 0x39810
0, 0x3b890
2, 2
3, 0
3, 0
3, 0
3, 0
3, 0
3, 0
3, 0
3, 0
3, 0
3, 0
3, 0
3, 0
3, 0
3, 0
3, 0
3, 0
1, 0x3b890
0, 0x39890
0, 0x3b910
2, 2
3, 0
3, 0
3, 0
3, 0
3, 0
3, 0
3, 0
3, 0
3, 0
3, 0
3, 0
3, 0
3, 0
3, 0
3, 0
3, 0
1, 0x3b910
0, 0x39910
0, 0x3b990
2, 2
3, 0
3, 0
3, 0
3, 0
3, 0
3, 0
3, 0
3, 0
3, 0
3, 0
3, 0
3, 0
3, 0
3, 0
3, 0
3, 0
1, 0x3b990
0, 0x39990
0, 0x3ba10
2, 2
3, 0
3, 0
3, 0
3, 0
3, 0
3, 0
3, 0
3, 0
3, 0
3, 0
3, 0
3, 0
3, 0
3, 0
3, 0
3, 0
1, 0x3ba10
0, 0x39a10
0, 0x3ba90
2, 2
3, 0
3, 0
3, 0
3, 0
3, 0
3, 0
3, 0
3, 0
3, 0
3, 0
3, 0
3, 0
3, 0
3, 0
3, 0
3, 0
0, 0x39a90
0, 0x3bb10
0, 0x39b10
0, 0x3bb90
0, 0x39b90
0, 0x3bc10
0, 0x39c10
0, 0x3bc90
0, 0x39c90
0, 0x3bd10
0, 0x39d10
0, 0x3bd90
0, 0x39d90
0, 0x3be10
0, 0x39e10
0, 0x3be90
1, 0x3ba90
0, 0x39a90
0, 0x3bb10
2, 2
3, 0
3, 0
3, 0
3, 0
3, 0
3, 0
3, 0
3, 0
3, 0
3, 0
3, 0
3, 0
3, 0
3, 0
3, 0
3, 0
1, 0x3bb10
0, 0x39b10
0, 0x3bb90
2, 2
3, 0
3, 0
3, 0
3, 0
3, 0
3, 0
3, 0
3, 0
3, 0
3, 0
3, 0
3, 0
3, 0
3, 0
3, 0
3, 0
1, 0x3bb90
0, 0x39b90
0, 0x3bc10
2, 2
3, 0
3, 0
3, 0
3, 0
3, 0
3, 0
3, 0
3, 0
3, 0
3, 0
3, 0
3, 0
3, 0
3, 0
3, 0
3, 0
1, 0x3bc10
0, 0x39c10
0, 0x3bc90
2, 2
3, 0
3, 0
3, 0
3, 0
3, 0
3, 0
3, 0
3, 0
3, 0
3, 0
3, 0
3, 0
3, 0
3, 0
3, 0
3, 0
1, 0x3bc90
0, 0x39c90
0, 0x3bd10
2, 2
3, 0
3, 0
3, 0
3, 0
3, 0
3, 0
3, 0
3, 0
3, 0
3, 0
3, 0
3, 0
3, 0
3, 0
3, 0
3, 0
1, 0x3bd10
0, 0x39d10
0, 0x3bd90
2, 2
3, 0
3, 0
3, 0
3, 0
3, 0
3, 0
3, 0
3, 0
3, 0
3, 0
3, 0
3, 0
3, 0
3, 0
3, 0
3, 0
1, 0x3bd90
0, 0x39d90
0, 0x3be10
2, 2
3, 0
3, 0
3, 0
3, 0
3, 0
3, 0
3, 0
3, 0
3, 0
3, 0
3, 0
3, 0
3, 0
3, 0
3, 0
3, 0
1, 0x3be10
0, 0x39e10
0, 0x3be90
2, 2
3, 0
3, 0
3, 0
3, 0
3, 0
3, 0
3, 0
3, 0
3, 0
3, 0
3, 0
3, 0
3, 0
3, 0
3, 0
3, 0
0, 0x39e90
0, 0x3bf10
0, 0x39f10
0, 0x3bf90
0, 0x39f90
0, 0x3c010
0, 0x3a010
0, 0x3c090
0, 0x3a090
0, 0x3c110
0, 0x3a110
0, 0x3c190
0, 0x3a190
0, 0x3c210
0, 0x3a210
0, 0x3c290
1, 0x3be90
0, 0x39e90
0, 0x3bf10
2, 2
3, 0
3, 0
3, 0
3, 0
3, 0
3, 0
3, 0
3, 0
3, 0
3, 0
3, 0
3, 0
3, 0
3, 0
3, 0
3, 0
1, 0x3bf10
0, 0x39f10
0, 0x3bf90
2, 2
3, 0
3, 0
3, 0
3, 0
3, 0
3, 0
3, 0
3, 0
3, 0
3, 0
3, 0
3, 0
3, 0
3, 0
3, 0
3, 0
1, 0x3bf90
0, 0x39f90
0, 0x3c010
2, 2
3, 0
3, 0
3, 0
3, 0
3, 0
3, 0
3, 0
3, 0
3, 0
3, 0
3, 0
3, 0
3, 0
3, 0
3, 0
3, 0
1, 0x3c010
0, 0x3a010
0, 0x3c090
2, 2
3, 0
3, 0
3, 0
3, 0
3, 0
3, 0
3, 0
3, 0
3, 0
3, 0
3, 0
3, 0
3, 0
3, 0
3, 0
3, 0
1, 0x3c090
0, 0x3a090
0, 0x3c110
2, 2
3, 0
3, 0
3, 0
3, 0
3, 0
3, 0
3, 0
3, 0
3, 0
3, 0
3, 0
3, 0
3, 0
3, 0
3, 0
3, 0
1, 0x3c110
0, 0x3a110
0, 0x3c190
2, 2
3, 0
3, 0
3, 0
3, 0
3, 0
3, 0
3, 0
3, 0
3, 0
3, 0
3, 0
3, 0
3, 0
3, 0
3, 0
3, 0
1, 0x3c190
0, 0x3a190
0, 0x3c210
2, 2
3, 0
3, 0
3, 0
3, 0
3, 0
3, 0
3, 0
3, 0
3, 0
3, 0
3, 0
3, 0
3, 0
3, 0
3, 0
3, 0
1, 0x3c210
0, 0x3a210
0, 0x3c290
2, 2
3, 0
3, 0
3, 0
3, 0
3, 0
3, 0
3, 0
3, 0
3, 0
3, 0
3, 0
3, 0
3, 0
3, 0
3, 0
3, 0
3, 0
3, 0
3, 0
3, 0
0, 0x38290
0, 0x3a360
0, 0x38310
0, 0x3a3e0
0, 0x38390
0, 0x3a460
0, 0x38410
0, 0x3a4e0
0, 0x38490
0, 0x3a560
0, 0x38510
0, 0x3a5e0
0, 0x38590
0, 0x3a660
0, 0x38610
0, 0x3a6e0
1, 0x3c290
0, 0x38290
0, 0x3a360
2, 2
3, 0
3, 0
3, 0
3, 0
3, 0
3, 0
3, 0
3, 0
3, 0
3, 0
3, 0
3, 0
3, 0
3, 0
3, 0
3, 0
1, 0x3a360
0, 0x38310
0, 0x3a3e0
2, 2
3, 0
3, 0
3, 0
3, 0
3, 0
3, 0
3, 0
3, 0
3, 0
3, 0
3, 0
3, 0
3, 0
3, 0
3, 0
3, 0
1, 0x3a3e0
0, 0x38390
0, 0x3a460
2, 2
3, 0
3, 0
3, 0
3, 0
3, 0
3, 0
3, 0
3, 0
3, 0
3, 0
3, 0
3, 0
3, 0
3, 0
3, 0
3, 0
1, 0x3a460
0, 0x38410
0, 0x3a4e0
2, 2
3, 0
3, 0
3, 0
3, 0
3, 0
3, 0
3, 0
3, 0
3, 0
3, 0
3, 0
3, 0
3, 0
3, 0
3, 0
3, 0
1, 0x3a4e0
0, 0x38490
0, 0x3a560
2, 2
3, 0
3, 0
3, 0
3, 0
3, 0
3, 0
3, 0
3, 0
3, 0
3, 0
3, 0
3, 0
3, 0
3, 0
3, 0
3, 0
1, 0x3a560
0, 0x38510
0, 0x3a5e0
2, 2
3, 0
3, 0
3, 0
3, 0
3, 0
3, 0
3, 0
3, 0
3, 0
3, 0
3, 0
3, 0
3, 0
3, 0
3, 0
3, 0
1, 0x3a5e0
0, 0x38590
0, 0x3a660
2, 2
3, 0
3, 0
3, 0
3, 0
3, 0
3, 0
3, 0
3, 0
3, 0
3, 0
3, 0
3, 0
3, 0
3, 0
3, 0
3, 0
1, 0x3a660
0, 0x38610
0, 0x3a6e0
2, 2
3, 0
3, 0
3, 0
3, 0
3, 0
3, 0
3, 0
3, 0
3, 0
3, 0
3, 0
3, 0
3, 0
3, 0
3, 0
3, 0
0, 0x38690
0, 0x3a760
0, 0x38710
0, 0x3a7e0
0, 0x38790
0, 0x3a860
0, 0x38810
0, 0x3a8e0
0, 0x38890
0, 0x3a960
0, 0x38910
0, 0x3a9e0
0, 0x38990
0, 0x3aa60
0, 0x38a10
0, 0x3aae0
1, 0x3a6e0
0, 0x38690
0, 0x3a760
2, 2
3, 0
3, 0
3, 0
3, 0
3, 0
3, 0
3, 0
3, 0
3, 0
3, 0
3, 0
3, 0
3, 0
3, 0
3, 0
3, 0
1, 0x3a760
0, 0x38710
0, 0x3a7e0
2, 2
3, 0
3, 0
3, 0
3, 0
3, 0
3, 0
3, 0
3, 0
3, 0
3, 0
3, 0
3, 0
3, 0
3, 0
3, 0
3, 0
1, 0x3a7e0
0, 0x38790
0, 0x3a860
2, 2
3, 0
3, 0
3, 0
3, 0
3, 0
3, 0
3, 0
3, 0
3, 0
3, 0
3, 0
3, 0
3, 0
3, 0
3, 0
3, 0
1, 0x3a860
0, 0x38810
0, 0x3a8e0
2, 2
3, 0
3, 0
3, 0
3, 0
3, 0
3, 0
3, 0
3, 0
3, 0
3, 0
3, 0
3, 0
3, 0
3, 0
3, 0
3, 0
1, 0x3a8e0
0, 0x38890
0, 0x3a960
2, 2
3, 0
3, 0
3, 0
3, 0
3, 0
3, 0
3, 0
3, 0
3, 0
3, 0
3, 0
3, 0
3, 0
3, 0
3, 0
3, 0
1, 0x3a960
0, 0x38910
0, 0x3a9e0
2, 2
3, 0
3, 0
3, 0
3, 0
3, 0
3, 0
3, 0
3, 0
3, 0
3, 0
3, 0
3, 0
3, 0
3, 0
3, 0
3, 0
1, 0x3a9e0
0, 0x38990
0, 0x3aa60
2, 2
3, 0
3, 0
3, 0
3, 0
3, 0
3, 0
3, 0
3, 0
3, 0
3, 0
3, 0
3, 0
3, 0
3, 0
3, 0
3, 0
1, 0x3aa60
0, 0x38a10
0, 0x3aae0
2, 2
3, 0
3, 0
3, 0
3, 0
3, 0
3, 0
3, 0
3, 0
3, 0
3, 0
3, 0
3, 0
3, 0
3, 0
3, 0
3, 0
0, 0x38a90
0, 0x3ab60
0, 0x38b10
0, 0x3abe0
0, 0x38b90
0, 0x3ac60
0, 0x38c10
0, 0x3ace0
0, 0x38c90
0, 0x3ad60
0, 0x38d10
0, 0x3ade0
0, 0x38d90
0, 0x3ae60
0, 0x38e10
0, 0x3aee0
1, 0x3aae0
0, 0x38a90
0, 0x3ab60
2, 2
3, 0
3, 0
3, 0
3, 0
3, 0
3, 0
3, 0
3, 0
3, 0
3, 0
3, 0
3, 0
3, 0
3, 0
3, 0
3, 0
1, 0x3ab60
0, 0x38b10
0, 0x3abe0
2, 2
3, 0
3, 0
3, 0
3, 0
3, 0
3, 0
3, 0
3, 0
3, 0
3, 0
3, 0
3, 0
3, 0
3, 0
3, 0
3, 0
1, 0x3abe0
0, 0x38b90
0, 0x3ac60
2, 2
3, 0
3, 0
3, 0
3, 0
3, 0
3, 0
3, 0
3, 0
3, 0
3, 0
3, 0
3, 0
3, 0
3, 0
3, 0
3, 0
1, 0x3ac60
0, 0x38c10
0, 0x3ace0
2, 2
3, 0
3, 0
3, 0
3, 0
3, 0
3, 0
3, 0
3, 0
3, 0
3, 0
3, 0
3, 0
3, 0
3, 0
3, 0
3, 0
1, 0x3ace0
0, 0x38c90
0, 0x3ad60
2, 2
3, 0
3, 0
3, 0
3, 0
3, 0
3, 0
3, 0
3, 0
3, 0
3, 0
3, 0
3, 0
3, 0
3, 0
3, 0
3, 0
1, 0x3ad60
0, 0x38d10
0, 0x3ade0
2, 2
3, 0
3, 0
3, 0
3, 0
3, 0
3, 0
3, 0
3, 0
3, 0
3, 0
3, 0
3, 0
3, 0
3, 0
3, 0
3, 0
1, 0x3ade0
0, 0x38d90
0, 0x3ae60
2, 2
3, 0
3, 0
3, 0
3, 0
3, 0
3, 0
3, 0
3, 0
3, 0
3, 0
3, 0
3, 0
3, 0
3, 0
3, 0
3, 0
1, 0x3ae60
0, 0x38e10
0, 0x3aee0
2, 2
3, 0
3, 0
3, 0
3, 0
3, 0
3, 0
3, 0
3, 0
3, 0
3, 0
3, 0
3, 0
3, 0
3, 0
3, 0
3, 0
0, 0x38e90
0, 0x3af60
0, 0x38f10
0, 0x3afe0
0, 0x38f90
0, 0x3b060
0, 0x39010
0, 0x3b0e0
0, 0x39090
0, 0x3b160
0, 0x39110
0, 0x3b1e0
0, 0x39190
0, 0x3b260
0, 0x39210
0, 0x3b2e0
1, 0x3aee0
0, 0x38e90
0, 0x3af60
2, 2
3, 0
3, 0
3, 0
3, 0
3, 0
3, 0
3, 0
3, 0
3, 0
3, 0
3, 0
3, 0
3, 0
3, 0
3, 0
3, 0
1, 0x3af60
0, 0x38f10
0, 0x3afe0
2, 2
3, 0
3, 0
3, 0
3, 0
3, 0
3, 0
3, 0
3, 0
3, 0
3, 0
3, 0
3, 0
3, 0
3, 0
3, 0
3, 0
1, 0x3afe0
0, 0x38f90
0, 0x3b060
2, 2
3, 0
3, 0
3, 0
3, 0
3, 0
3, 0
3, 0
3, 0
3, 0
3, 0
3, 0
3, 0
3, 0
3, 0
3, 0
3, 0
1, 0x3b060
0, 0x39010
0, 0x3b0e0
2, 2
3, 0
3, 0
3, 0
3, 0
3, 0
3, 0
3, 0
3, 0
3, 0
3, 0
3, 0
3, 0
3, 0
3, 0
3, 0
3, 0
1, 0x3b0e0
0, 0x39090
0, 0x3b160
2, 2
3, 0
3, 0
3, 0
3, 0
3, 0
3, 0
3, 0
3, 0
3, 0
3, 0
3, 0
3, 0
3, 0
3, 0
3, 0
3, 0
1, 0x3b160
0, 0x39110
0, 0x3b1e0
2, 2
3, 0
3, 0
3, 0
3, 0
3, 0
3, 0
3, 0
3, 0
3, 0
3, 0
3, 0
3, 0
3, 0
3, 0
3, 0
3, 0
1, 0x3b1e0
0, 0x39190
0, 0x3b260
2, 2
3, 0
3, 0
3, 0
3, 0
3, 0
3, 0
3, 0
3, 0
3, 0
3, 0
3, 0
3, 0
3, 0
3, 0
3, 0
3, 0
1, 0x3b260
0, 0x39210
0, 0x3b2e0
2, 2
3, 0
3, 0
3, 0
3, 0
3, 0
3, 0
3, 0
3, 0
3, 0
3, 0
3, 0
3, 0
3, 0
3, 0
3, 0
3, 0
0, 0x39290
0, 0x3b360
0, 0x39310
0, 0x3b3e0
0, 0x39390
0, 0x3b460
0, 0x39410
0, 0x3b4e0
0, 0x39490
0, 0x3b560
0, 0x39510
0, 0x3b5e0
0, 0x39590
0, 0x3b660
0, 0x39610
0, 0x3b6e0
1, 0x3b2e0
0, 0x39290
0, 0x3b360
2, 2
3, 0
3, 0
3, 0
3, 0
3, 0
3, 0
3, 0
3, 0
3, 0
3, 0
3, 0
3, 0
3, 0
3, 0
3, 0
3, 0
1, 0x3b360
0, 0x39310
0, 0x3b3e0
2, 2
3, 0
3, 0
3, 0
3, 0
3, 0
3, 0
3, 0
3, 0
3, 0
3, 0
3, 0
3, 0
3, 0
3, 0
3, 0
3, 0
1, 0x3b3e0
0, 0x39390
0, 0x3b460
2, 2
3, 0
3, 0
3, 0
3, 0
3, 0
3, 0
3, 0
3, 0
3, 0
3, 0
3, 0
3, 0
3, 0
3, 0
3, 0
3, 0
1, 0x3b460
0, 0x39410
0, 0x3b4e0
2, 2
3, 0
3, 0
3, 0
3, 0
3, 0
3, 0
3, 0
3, 0
3, 0
3, 0
3, 0
3, 0
3, 0
3, 0
3, 0
3, 0
1, 0x3b4e0
0, 0x39490
0, 0x3b560
2, 2
3, 0
3, 0
3, 0
3, 0
3, 0
3, 0
3, 0
3, 0
3, 0
3, 0
3, 0
3, 0
3, 0
3, 0
3, 0
3, 0
1, 0x3b560
0, 0x39510
0, 0x3b5e0
2, 2
3, 0
3, 0
3, 0
3, 0
3, 0
3, 0
3, 0
3, 0
3, 0
3, 0
3, 0
3, 0
3, 0
3, 0
3, 0
3, 0
1, 0x3b5e0
0, 0x39590
0, 0x3b660
2, 2
3, 0
3, 0
3, 0
3, 0
3, 0
3, 0
3, 0
3, 0
3, 0
3, 0
3, 0
3, 0
3, 0
3, 0
3, 0
3, 0
1, 0x3b660
0, 0x39610
0, 0x3b6e0
2, 2
3, 0
3, 0
3, 0
3, 0
3, 0
3, 0
3, 0
3, 0
3, 0
3, 0
3, 0
3, 0
3, 0
3, 0
3, 0
3, 0
0, 0x39690
0, 0x3b760
0, 0x39710
0, 0x3b7e0
0, 0x39790
0, 0x3b860
0, 0x39810
0, 0x3b8e0
0, 0x39890
0, 0x3b960
0, 0x39910
0, 0x3b9e0
0, 0x39990
0, 0x3ba60
0, 0x39a10
0, 0x3bae0
1, 0x3b6e0
0, 0x39690
0, 0x3b760
2, 2
3, 0
3, 0
3, 0
3, 0
3, 0
3, 0
3, 0
3, 0
3, 0
3, 0
3, 0
3, 0
3, 0
3, 0
3, 0
3, 0
1, 0x3b760
0, 0x39710
0, 0x3b7e0
2, 2
3, 0
3, 0
3, 0
3, 0
3, 0
3, 0
3, 0
3, 0
3, 0
3, 0
3, 0
3, 0
3, 0
3, 0
3, 0
3, 0
1, 0x3b7e0
0, 0x39790
0, 0x3b860
2, 2
3, 0
3, 0
3, 0
3, 0
3, 0
3, 0
3, 0
3, 0
3, 0
3, 0
3, 0
3, 0
3, 0
3, 0
3, 0
3, 0
1, 0x3b860
0, 0x39810
0, 0x3b8e0
2, 2
3, 0
3, 0
3, 0
3, 0
3, 0
3, 0
3, 0
3, 0
3, 0
3, 0
3, 0
3, 0
3, 0
3, 0
3, 0
3, 0
1, 0x3b8e0
0, 0x39890
0, 0x3b960
2, 2
3, 0
3, 0
3, 0
3, 0
3, 0
3, 0
3, 0
3, 0
3, 0
3, 0
3, 0
3, 0
3, 0
3, 0
3, 0
3, 0
1, 0x3b960
0, 0x39910
0, 0x3b9e0
2, 2
3, 0
3, 0
3, 0
3, 0
3, 0
3, 0
3, 0
3, 0
3, 0
3, 0
3, 0
3, 0
3, 0
3, 0
3, 0
3, 0
1, 0x3b9e0
0, 0x39990
0, 0x3ba60
2, 2
3, 0
3, 0
3, 0
3, 0
3, 0
3, 0
3, 0
3, 0
3, 0
3, 0
3, 0
3, 0
3, 0
3, 0
3, 0
3, 0
1, 0x3ba60
0, 0x39a10
0, 0x3bae0
2, 2
3, 0
3, 0
3, 0
3, 0
3, 0
3, 0
3, 0
3, 0
3, 0
3, 0
3, 0
3, 0
3, 0
3, 0
3, 0
3, 0
0, 0x39a90
0, 0x3bb60
0, 0x39b10
0, 0x3bbe0
0, 0x39b90
0, 0x3bc60
0, 0x39c10
0, 0x3bce0
0, 0x39c90
0, 0x3bd60
0, 0x39d10
0, 0x3bde0
0, 0x39d90
0, 0x3be60
0, 0x39e10
0, 0x3bee0
1, 0x3bae0
0, 0x39a90
0, 0x3bb60
2, 2
3, 0
3, 0
3, 0
3, 0
3, 0
3, 0
3, 0
3, 0
3, 0
3, 0
3, 0
3, 0
3, 0
3, 0
3, 0
3, 0
1, 0x3bb60
0, 0x39b10
0, 0x3bbe0
2, 2
3, 0
3, 0
3, 0
3, 0
3, 0
3, 0
3, 0
3, 0
3, 0
3, 0
3, 0
3, 0
3, 0
3, 0
3, 0
3, 0
1, 0x3bbe0
0, 0x39b90
0, 0x3bc60
2, 2
3, 0
3, 0
3, 0
3, 0
3, 0
3, 0
3, 0
3, 0
3, 0
3, 0
3, 0
3, 0
3, 0
3, 0
3, 0
3, 0
1, 0x3bc60
0, 0x39c10
0, 0x3bce0
2, 2
3, 0
3, 0
3, 0
3, 0
3, 0
3, 0
3, 0
3, 0
3, 0
3, 0
3, 0
3, 0
3, 0
3, 0
3, 0
3, 0
1, 0x3bce0
0, 0x39c90
0, 0x3bd60
2, 2
3, 0
3, 0
3, 0
3, 0
3, 0
3, 0
3, 0
3, 0
3, 0
3, 0
3, 0
3, 0
3, 0
3, 0
3, 0
3, 0
1, 0x3bd60
0, 0x39d10
0, 0x3bde0
2, 2
3, 0
3, 0
3, 0
3, 0
3, 0
3, 0
3, 0
3, 0
3, 0
3, 0
3, 0
3, 0
3, 0
3, 0
3, 0
3, 0
1, 0x3bde0
0, 0x39d90
0, 0x3be60
2, 2
3, 0
3, 0
3, 0
3, 0
3, 0
3, 0
3, 0
3, 0
3, 0
3, 0
3, 0
3, 0
3, 0
3, 0
3, 0
3, 0
1, 0x3be60
0, 0x39e10
0, 0x3bee0
2, 2
3, 0
3, 0
3, 0
3, 0
3, 0
3, 0
3, 0
3, 0
3, 0
3, 0
3, 0
3, 0
3, 0
3, 0
3, 0
3, 0
0, 0x39e90
0, 0x3bf60
0, 0x39f10
0, 0x3bfe0
0, 0x39f90
0, 0x3c060
0, 0x3a010
0, 0x3c0e0
0, 0x3a090
0, 0x3c160
0, 0x3a110
0, 0x3c1e0
0, 0x3a190
0, 0x3c260
0, 0x3a210
0, 0x3c2e0
1, 0x3bee0
0, 0x39e90
0, 0x3bf60
2, 2
3, 0
3, 0
3, 0
3, 0
3, 0
3, 0
3, 0
3, 0
3, 0
3, 0
3, 0
3, 0
3, 0
3, 0
3, 0
3, 0
1, 0x3bf60
0, 0x39f10
0, 0x3bfe0
2, 2
3, 0
3, 0
3, 0
3, 0
3, 0
3, 0
3, 0
3, 0
3, 0
3, 0
3, 0
3, 0
3, 0
3, 0
3, 0
3, 0
1, 0x3bfe0
0, 0x39f90
0, 0x3c060
2, 2
3, 0
3, 0
3, 0
3, 0
3, 0
3, 0
3, 0
3, 0
3, 0
3, 0
3, 0
3, 0
3, 0
3, 0
3, 0
3, 0
1, 0x3c060
0, 0x3a010
0, 0x3c0e0
2, 2
3, 0
3, 0
3, 0
3, 0
3, 0
3, 0
3, 0
3, 0
3, 0
3, 0
3, 0
3, 0
3, 0
3, 0
3, 0
3, 0
1, 0x3c0e0
0, 0x3a090
0, 0x3c160
2, 2
3, 0
3, 0
3, 0
3, 0
3, 0
3, 0
3, 0
3, 0
3, 0
3, 0
3, 0
3, 0
3, 0
3, 0
3, 0
3, 0
1, 0x3c160
0, 0x3a110
0, 0x3c1e0
2, 2
3, 0
3, 0
3, 0
3, 0
3, 0
3, 0
3, 0
3, 0
3, 0
3, 0
3, 0
3, 0
3, 0
3, 0
3, 0
3, 0
1, 0x3c1e0
0, 0x3a190
0, 0x3c260
2, 2
3, 0
3, 0
3, 0
3, 0
3, 0
3, 0
3, 0
3, 0
3, 0
3, 0
3, 0
3, 0
3, 0
3, 0
3, 0
3, 0
1, 0x3c260
0, 0x3a210
0, 0x3c2e0
2, 2
3, 0
3, 0
3, 0
3, 0
3, 0
3, 0
3, 0
3, 0
3, 0
3, 0
3, 0
3, 0
3, 0
3, 0
3, 0
3, 0
3, 0
3, 0
3, 0
3, 0
0, 0x38290
0, 0x3a3b0
0, 0x38310
0, 0x3a430
0, 0x38390
0, 0x3a4b0
0, 0x38410
0, 0x3a530
0, 0x38490
0, 0x3a5b0
0, 0x38510
0, 0x3a630
0, 0x38590
0, 0x3a6b0
0, 0x38610
0, 0x3a730
1, 0x3c2e0
0, 0x38290
0, 0x3a3b0
2, 2
3, 0
3, 0
3, 0
3, 0
3, 0
3, 0
3, 0
3, 0
3, 0
3, 0
3, 0
3, 0
3, 0
3, 0
3, 0
3, 0
1, 0x3a3b0
0, 0x38310
0, 0x3a430
2, 2
3, 0
3, 0
3, 0
3, 0
3, 0
3, 0
3, 0
3, 0
3, 0
3, 0
3, 0
3, 0
3, 0
3, 0
3, 0
3, 0
1, 0x3a430
0, 0x38390
0, 0x3a4b0
2, 2
3, 0
3, 0
3, 0
3, 0
3, 0
3, 0
3, 0
3, 0
3, 0
3, 0
3, 0
3, 0
3, 0
3, 0
3, 0
3, 0
1, 0x3a4b0
0, 0x38410
0, 0x3a530
2, 2
3, 0
3, 0
3, 0
3, 0
3, 0
3, 0
3, 0
3, 0
3, 0
3, 0
3, 0
3, 0
3, 0
3, 0
3, 0
3, 0
1, 0x3a530
0, 0x38490
0, 0x3a5b0
2, 2
3, 0
3, 0
3, 0
3, 0
3, 0
3, 0
3, 0
3, 0
3, 0
3, 0
3, 0
3, 0
3, 0
3, 0
3, 0
3, 0
1, 0x3a5b0
0, 0x38510
0, 0x3a630
2, 2
3, 0
3, 0
3, 0
3, 0
3, 0
3, 0
3, 0
3, 0
3, 0
3, 0
3, 0
3, 0
3, 0
3, 0
3, 0
3, 0
1, 0x3a630
0, 0x38590
0, 0x3a6b0
2, 2
3, 0
3, 0
3, 0
3, 0
3, 0
3, 0
3, 0
3, 0
3, 0
3, 0
3, 0
3, 0
3, 0
3, 0
3, 0
3, 0
1, 0x3a6b0
0, 0x38610
0, 0x3a730
2, 2
3, 0
3, 0
3, 0
3, 0
3, 0
3, 0
3, 0
3, 0
3, 0
3, 0
3, 0
3, 0
3, 0
3, 0
3, 0
3, 0
0, 0x38690
0, 0x3a7b0
0, 0x38710
0, 0x3a830
0, 0x38790
0, 0x3a8b0
0, 0x38810
0, 0x3a930
0, 0x38890
0, 0x3a9b0
0, 0x38910
0, 0x3aa30
0, 0x38990
0, 0x3aab0
0, 0x38a10
0, 0x3ab30
1, 0x3a730
0, 0x38690
0, 0x3a7b0
2, 2
3, 0
3, 0
3, 0
3, 0
3, 0
3, 0
3, 0
3, 0
3, 0
3, 0
3, 0
3, 0
3, 0
3, 0
3, 0
3, 0
1, 0x3a7b0
0, 0x38710
0, 0x3a830
2, 2
3, 0
3, 0
3, 0
3, 0
3, 0
3, 0
3, 0
3, 0
3, 0
3, 0
3, 0
3, 0
3, 0
3, 0
3, 0
3, 0
1, 0x3a830
0, 0x38790
0, 0x3a8b0
2, 2
3, 0
3, 0
3, 0
3, 0
3, 0
3, 0
3, 0
3, 0
3, 0
3, 0
3, 0
3, 0
3, 0
3, 0
3, 0
3, 0
1, 0x3a8b0
0, 0x38810
0, 0x3a930
2, 2
3, 0
3, 0
3, 0
3, 0
3, 0
3, 0
3, 0
3, 0
3, 0
3, 0
3, 0
3, 0
3, 0
3, 0
3, 0
3, 0
1, 0x3a930
0, 0x38890
0, 0x3a9b0
2, 2
3, 0
3, 0
3, 0
3, 0
3, 0
3, 0
3, 0
3, 0
3, 0
3, 0
3, 0
3, 0
3, 0
3, 0
3, 0
3, 0
1, 0x3a9b0
0, 0x38910
0, 0x3aa30
2, 2
3, 0
3, 0
3, 0
3, 0
3, 0
3, 0
3, 0
3, 0
3, 0
3, 0
3, 0
3, 0
3, 0
3, 0
3, 0
3, 0
1, 0x3aa30
0, 0x38990
0, 0x3aab0
2, 2
3, 0
3, 0
3, 0
3, 0
3, 0
3, 0
3, 0
3, 0
3, 0
3, 0
3, 0
3, 0
3, 0
3, 0
3, 0
3, 0
1, 0x3aab0
0, 0x38a10
0, 0x3ab30
2, 2
3, 0
3, 0
3, 0
3, 0
3, 0
3, 0
3, 0
3, 0
3, 0
3, 0
3, 0
3, 0
3, 0
3, 0
3, 0
3, 0
0, 0x38a90
0, 0x3abb0
0, 0x38b10
0, 0x3ac30
0, 0x38b90
0, 0x3acb0
0, 0x38c10
0, 0x3ad30
0, 0x38c90
0, 0x3adb0
0, 0x38d10
0, 0x3ae30
0, 0x38d90
0, 0x3aeb0
0, 0x38e10
0, 0x3af30
1, 0x3ab30
0, 0x38a90
0, 0x3abb0
2, 2
3, 0
3, 0
3, 0
3, 0
3, 0
3, 0
3, 0
3, 0
3, 0
3, 0
3, 0
3, 0
3, 0
3, 0
3, 0
3, 0
1, 0x3abb0
0, 0x38b10
0, 0x3ac30
2, 2
3, 0
3, 0
3, 0
3, 0
3, 0
3, 0
3, 0
3, 0
3, 0
3, 0
3, 0
3, 0
3, 0
3, 0
3, 0
3, 0
1, 0x3ac30
0, 0x38b90
0, 0x3acb0
2, 2
3, 0
3, 0
3, 0
3, 0
3, 0
3, 0
3, 0
3, 0
3, 0
3, 0
3, 0
3, 0
3, 0
3, 0
3, 0
3, 0
1, 0x3acb0
0, 0x38c10
0, 0x3ad30
2, 2
3, 0
3, 0
3, 0
3, 0
3, 0
3, 0
3, 0
3, 0
3, 0
3, 0
3, 0
3, 0
3, 0
3, 0
3, 0
3, 0
1, 0x3ad30
0, 0x38c90
0, 0x3adb0
2, 2
3, 0
3, 0
3, 0
3, 0
3, 0
3, 0
3, 0
3, 0
3, 0
3, 0
3, 0
3, 0
3, 0
3, 0
3, 0
3, 0
1, 0x3adb0
0, 0x38d10
0, 0x3ae30
2, 2
3, 0
3, 0
3, 0
3, 0
3, 0
3, 0
3, 0
3, 0
3, 0
3, 0
3, 0
3, 0
3, 0
3, 0
3, 0
3, 0
1, 0x3ae30
0, 0x38d90
0, 0x3aeb0
2, 2
3, 0
3, 0
3, 0
3, 0
3, 0
3, 0
3, 0
3, 0
3, 0
3, 0
3, 0
3, 0
3, 0
3, 0
3, 0
3, 0
1, 0x3aeb0
0, 0x38e10
0, 0x3af30
2, 2
3, 0
3, 0
3, 0
3, 0
3, 0
3, 0
3, 0
3, 0
3, 0
3, 0
3, 0
3, 0
3, 0
3, 0
3, 0
3, 0
0, 0x38e90
0, 0x3afb0
0, 0x38f10
0, 0x3b030
0, 0x38f90
0, 0x3b0b0
0, 0x39010
0, 0x3b130
0, 0x39090
0, 0x3b1b0
0, 0x39110
0, 0x3b230
0, 0x39190
0, 0x3b2b0
0, 0x39210
0, 0x3b330
1, 0x3af30
0, 0x38e90
0, 0x3afb0
2, 2
3, 0
3, 0
3, 0
3, 0
3, 0
3, 0
3, 0
3, 0
3, 0
3, 0
3, 0
3, 0
3, 0
3, 0
3, 0
3, 0
1, 0x3afb0
0, 0x38f10
0, 0x3b030
2, 2
3, 0
3, 0
3, 0
3, 0
3, 0
3, 0
3, 0
3, 0
3, 0
3, 0
3, 0
3, 0
3, 0
3, 0
3, 0
3, 0
1, 0x3b030
0, 0x38f90
0, 0x3b0b0
2, 2
3, 0
3, 0
3, 0
3, 0
3, 0
3, 0
3, 0
3, 0
3, 0
3, 0
3, 0
3, 0
3, 0
3, 0
3, 0
3, 0
1, 0x3b0b0
0, 0x39010
0, 0x3b130
2, 2
3, 0
3, 0
3, 0
3, 0
3, 0
3, 0
3, 0
3, 0
3, 0
3, 0
3, 0
3, 0
3, 0
3, 0
3, 0
3, 0
1, 0x3b130
0, 0x39090
0, 0x3b1b0
2, 2
3, 0
3, 0
3, 0
3, 0
3, 0
3, 0
3, 0
3, 0
3, 0
3, 0
3, 0
3, 0
3, 0
3, 0
3, 0
3, 0
1, 0x3b1b0
0, 0x39110
0, 0x3b230
2, 2
3, 0
3, 0
3, 0
3, 0
3, 0
3, 0
3, 0
3, 0
3, 0
3, 0
3, 0
3, 0
3, 0
3, 0
3, 0
3, 0
1, 0x3b230
0, 0x39190
0, 0x3b2b0
2, 2
3, 0
3, 0
3, 0
3, 0
3, 0
3, 0
3, 0
3, 0
3, 0
3, 0
3, 0
3, 0
3, 0
3, 0
3, 0
3, 0
1, 0x3b2b0
0, 0x39210
0, 0x3b330
2, 2
3, 0
3, 0
3, 0
3, 0
3, 0
3, 0
3, 0
3, 0
3, 0
3, 0
3, 0
3, 0
3, 0
3, 0
3, 0
3, 0
0, 0x39290
0, 0x3b3b0
0, 0x39310
0, 0x3b430
0, 0x39390
0, 0x3b4b0
0, 0x39410
0, 0x3b530
0, 0x39490
0, 0x3b5b0
0, 0x39510
0, 0x3b630
0, 0x39590
0, 0x3b6b0
0, 0x39610
0, 0x3b730
1, 0x3b330
0, 0x39290
0, 0x3b3b0
2, 2
3, 0
3, 0
3, 0
3, 0
3, 0
3, 0
3, 0
3, 0
3, 0
3, 0
3, 0
3, 0
3, 0
3, 0
3, 0
3, 0
1, 0x3b3b0
0, 0x39310
0, 0x3b430
2, 2
3, 0
3, 0
3, 0
3, 0
3, 0
3, 0
3, 0
3, 0
3, 0
3, 0
3, 0
3, 0
3, 0
3, 0
3, 0
3, 0
1, 0x3b430
0, 0x39390
0, 0x3b4b0
2, 2
3, 0
3, 0
3, 0
3, 0
3, 0
3, 0
3, 0
3, 0
3, 0
3, 0
3, 0
3, 0
3, 0
3, 0
3, 0
3, 0
1, 0x3b4b0
0, 0x39410
0, 0x3b530
2, 2
3, 0
3, 0
3, 0
3, 0
3, 0
3, 0
3, 0
3, 0
3, 0
3, 0
3, 0
3, 0
3, 0
3, 0
3, 0
3, 0
1, 0x3b530
0, 0x39490
0, 0x3b5b0
2, 2
3, 0
3, 0
3, 0
3, 0
3, 0
3, 0
3, 0
3, 0
3, 0
3, 0
3, 0
3, 0
3, 0
3, 0
3, 0
3, 0
1, 0x3b5b0
0, 0x39510
0, 0x3b630
2, 2
3, 0
3, 0
3, 0
3, 0
3, 0
3, 0
3, 0
3, 0
3, 0
3, 0
3, 0
3, 0
3, 0
3, 0
3, 0
3, 0
1, 0x3b630
0, 0x39590
0, 0x3b6b0
2, 2
3, 0
3, 0
3, 0
3, 0
3, 0
3, 0
3, 0
3, 0
3, 0
3, 0
3, 0
3, 0
3, 0
3, 0
3, 0
3, 0
1, 0x3b6b0
0, 0x39610
0, 0x3b730
2, 2
3, 0
3, 0
3, 0
3, 0
3, 0
3, 0
3, 0
3, 0
3, 0
3, 0
3, 0
3, 0
3, 0
3, 0
3, 0
3, 0
0, 0x39690
0, 0x3b7b0
0, 0x39710
0, 0x3b830
0, 0x39790
0, 0x3b8b0
0, 0x39810
0, 0x3b930
0, 0x39890
0, 0x3b9b0
0, 0x39910
0, 0x3ba30
0, 0x39990
0, 0x3bab0
0, 0x39a10
0, 0x3bb30
1, 0x3b730
0, 0x39690
0, 0x3b7b0
2, 2
3, 0
3, 0
3, 0
3, 0
3, 0
3, 0
3, 0
3, 0
3, 0
3, 0
3, 0
3, 0
3, 0
3, 0
3, 0
3, 0
1, 0x3b7b0
0, 0x39710
0, 0x3b830
2, 2
3, 0
3, 0
3, 0
3, 0
3, 0
3, 0
3, 0
3, 0
3, 0
3, 0
3, 0
3, 0
3, 0
3, 0
3, 0
3, 0
1, 0x3b830
0, 0x39790
0, 0x3b8b0
2, 2
3, 0
3, 0
3, 0
3, 0
3, 0
3, 0
3, 0
3, 0
3, 0
3, 0
3, 0
3, 0
3, 0
3, 0
3, 0
3, 0
1, 0x3b8b0
0, 0x39810
0, 0x3b930
2, 2
3, 0
3, 0
3, 0
3, 0
3, 0
3, 0
3, 0
3, 0
3, 0
3, 0
3, 0
3, 0
3, 0
3, 0
3, 0
3, 0
1, 0x3b930
0, 0x39890
0, 0x3b9b0
2, 2
3, 0
3, 0
3, 0
3, 0
3, 0
3, 0
3, 0
3, 0
3, 0
3, 0
3, 0
3, 0
3, 0
3, 0
3, 0
3, 0
1, 0x3b9b0
0, 0x39910
0, 0x3ba30
2, 2
3, 0
3, 0
3, 0
3, 0
3, 0
3, 0
3, 0
3, 0
3, 0
3, 0
3, 0
3, 0
3, 0
3, 0
3, 0
3, 0
1, 0x3ba30
0, 0x39990
0, 0x3bab0
2, 2
3, 0
3, 0
3, 0
3, 0
3, 0
3, 0
3, 0
3, 0
3, 0
3, 0
3, 0
3, 0
3, 0
3, 0
3, 0
3, 0
1, 0x3bab0
0, 0x39a10
0, 0x3bb30
2, 2
3, 0
3, 0
3, 0
3, 0
3, 0
3, 0
3, 0
3, 0
3, 0
3, 0
3, 0
3, 0
3, 0
3, 0
3, 0
3, 0
0, 0x39a90
0, 0x3bbb0
0, 0x39b10
0, 0x3bc30
0, 0x39b90
0, 0x3bcb0
0, 0x39c10
0, 0x3bd30
0, 0x39c90
0, 0x3bdb0
0, 0x39d10
0, 0x3be30
0, 0x39d90
0, 0x3beb0
0, 0x39e10
0, 0x3bf30
1, 0x3bb30
0, 0x39a90
0, 0x3bbb0
2, 2
3, 0
3, 0
3, 0
3, 0
3, 0
3, 0
3, 0
3, 0
3, 0
3, 0
3, 0
3, 0
3, 0
3, 0
3, 0
3, 0
1, 0x3bbb0
0, 0x39b10
0, 0x3bc30
2, 2
3, 0
3, 0
3, 0
3, 0
3, 0
3, 0
3, 0
3, 0
3, 0
3, 0
3, 0
3, 0
3, 0
3, 0
3, 0
3, 0
1, 0x3bc30
0, 0x39b90
0, 0x3bcb0
2, 2
3, 0
3, 0
3, 0
3, 0
3, 0
3, 0
3, 0
3, 0
3, 0
3, 0
3, 0
3, 0
3, 0
3, 0
3, 0
3, 0
1, 0x3bcb0
0, 0x39c10
0, 0x3bd30
2, 2
3, 0
3, 0
3, 0
3, 0
3, 0
3, 0
3, 0
3, 0
3, 0
3, 0
3, 0
3, 0
3, 0
3, 0
3, 0
3, 0
1, 0x3bd30
0, 0x39c90
0, 0x3bdb0
2, 2
3, 0
3, 0
3, 0
3, 0
3, 0
3, 0
3, 0
3, 0
3, 0
3, 0
3, 0
3, 0
3, 0
3, 0
3, 0
3, 0
1, 0x3bdb0
0, 0x39d10
0, 0x3be30
2, 2
3, 0
3, 0
3, 0
3, 0
3, 0
3, 0
3, 0
3, 0
3, 0
3, 0
3, 0
3, 0
3, 0
3, 0
3, 0
3, 0
1, 0x3be30
0, 0x39d90
0, 0x3beb0
2, 2
3, 0
3, 0
3, 0
3, 0
3, 0
3, 0
3, 0
3, 0
3, 0
3, 0
3, 0
3, 0
3, 0
3, 0
3, 0
3, 0
1, 0x3beb0
0, 0x39e10
0, 0x3bf30
2, 2
3, 0
3, 0
3, 0
3, 0
3, 0
3, 0
3, 0
3, 0
3, 0
3, 0
3, 0
3, 0
3, 0
3, 0
3, 0
3, 0
0, 0x39e90
0, 0x3bfb0
0, 0x39f10
0, 0x3c030
0, 0x39f90
0, 0x3c0b0
0, 0x3a010
0, 0x3c130
0, 0x3a090
0, 0x3c1b0
0, 0x3a110
0, 0x3c230
0, 0x3a190
0, 0x3c2b0
0, 0x3a210
0, 0x3c330
1, 0x3bf30
0, 0x39e90
0, 0x3bfb0
2, 2
3, 0
3, 0
3, 0
3, 0
3, 0
3, 0
3, 0
3, 0
3, 0
3, 0
3, 0
3, 0
3, 0
3, 0
3, 0
3, 0
1, 0x3bfb0
0, 0x39f10
0, 0x3c030
2, 2
3, 0
3, 0
3, 0
3, 0
3, 0
3, 0
3, 0
3, 0
3, 0
3, 0
3, 0
3, 0
3, 0
3, 0
3, 0
3, 0
1, 0x3c030
0, 0x39f90
0, 0x3c0b0
2, 2
3, 0
3, 0
3, 0
3, 0
3, 0
3, 0
3, 0
3, 0
3, 0
3, 0
3, 0
3, 0
3, 0
3, 0
3, 0
3, 0
1, 0x3c0b0
0, 0x3a010
0, 0x3c130
2, 2
3, 0
3, 0
3, 0
3, 0
3, 0
3, 0
3, 0
3, 0
3, 0
3, 0
3, 0
3, 0
3, 0
3, 0
3, 0
3, 0
1, 0x3c130
0, 0x3a090
0, 0x3c1b0
2, 2
3, 0
3, 0
3, 0
3, 0
3, 0
3, 0
3, 0
3, 0
3, 0
3, 0
3, 0
3, 0
3, 0
3, 0
3, 0
3, 0
1, 0x3c1b0
0, 0x3a110
0, 0x3c230
2, 2
3, 0
3, 0
3, 0
3, 0
3, 0
3, 0
3, 0
3, 0
3, 0
3, 0
3, 0
3, 0
3, 0
3, 0
3, 0
3, 0
1, 0x3c230
0, 0x3a190
0, 0x3c2b0
2, 2
3, 0
3, 0
3, 0
3, 0
3, 0
3, 0
3, 0
3, 0
3, 0
3, 0
3, 0
3, 0
3, 0
3, 0
3, 0
3, 0
1, 0x3c2b0
0, 0x3a210
0, 0x3c330
2, 2
3, 0
3, 0
3, 0
3, 0
3, 0
3, 0
3, 0
3, 0
3, 0
3, 0
3, 0
3, 0
3, 0
3, 0
3, 0
3, 0
3, 0
3, 0
3, 0
3, 0
0, 0x38290
0, 0x3a400
0, 0x38310
0, 0x3a480
0, 0x38390
0, 0x3a500
0, 0x38410
0, 0x3a580
0, 0x38490
0, 0x3a600
0, 0x38510
0, 0x3a680
0, 0x38590
0, 0x3a700
0, 0x38610
0, 0x3a780
1, 0x3c330
0, 0x38290
0, 0x3a400
2, 2
3, 0
3, 0
3, 0
3, 0
3, 0
3, 0
3, 0
3, 0
3, 0
3, 0
3, 0
3, 0
3, 0
3, 0
3, 0
3, 0
1, 0x3a400
0, 0x38310
0, 0x3a480
2, 2
3, 0
3, 0
3, 0
3, 0
3, 0
3, 0
3, 0
3, 0
3, 0
3, 0
3, 0
3, 0
3, 0
3, 0
3, 0
3, 0
1, 0x3a480
0, 0x38390
0, 0x3a500
2, 2
3, 0
3, 0
3, 0
3, 0
3, 0
3, 0
3, 0
3, 0
3, 0
3, 0
3, 0
3, 0
3, 0
3, 0
3, 0
3, 0
1, 0x3a500
0, 0x38410
0, 0x3a580
2, 2
3, 0
3, 0
3, 0
3, 0
3, 0
3, 0
3, 0
3, 0
3, 0
3, 0
3, 0
3, 0
3, 0
3, 0
3, 0
3, 0
1, 0x3a580
0, 0x38490
0, 0x3a600
2, 2
3, 0
3, 0
3, 0
3, 0
3, 0
3, 0
3, 0
3, 0
3, 0
3, 0
3, 0
3, 0
3, 0
3, 0
3, 0
3, 0
1, 0x3a600
0, 0x38510
0, 0x3a680
2, 2
3, 0
3, 0
3, 0
3, 0
3, 0
3, 0
3, 0
3, 0
3, 0
3, 0
3, 0
3, 0
3, 0
3, 0
3, 0
3, 0
1, 0x3a680
0, 0x38590
0, 0x3a700
2, 2
3, 0
3, 0
3, 0
3, 0
3, 0
3, 0
3, 0
3, 0
3, 0
3, 0
3, 0
3, 0
3, 0
3, 0
3, 0
3, 0
1, 0x3a700
0, 0x38610
0, 0x3a780
2, 2
3, 0
3, 0
3, 0
3, 0
3, 0
3, 0
3, 0
3, 0
3, 0
3, 0
3, 0
3, 0
3, 0
3, 0
3, 0
3, 0
0, 0x38690
0, 0x3a800
0, 0x38710
0, 0x3a880
0, 0x38790
0, 0x3a900
0, 0x38810
0, 0x3a980
0, 0x38890
0, 0x3aa00
0, 0x38910
0, 0x3aa80
0, 0x38990
0, 0x3ab00
0, 0x38a10
0, 0x3ab80
1, 0x3a780
0, 0x38690
0, 0x3a800
2, 2
3, 0
3, 0
3, 0
3, 0
3, 0
3, 0
3, 0
3, 0
3, 0
3, 0
3, 0
3, 0
3, 0
3, 0
3, 0
3, 0
1, 0x3a800
0, 0x38710
0, 0x3a880
2, 2
3, 0
3, 0
3, 0
3, 0
3, 0
3, 0
3, 0
3, 0
3, 0
3, 0
3, 0
3, 0
3, 0
3, 0
3, 0
3, 0
1, 0x3a880
0, 0x38790
0, 0x3a900
2, 2
3, 0
3, 0
3, 0
3, 0
3, 0
3, 0
3, 0
3, 0
3, 0
3, 0
3, 0
3, 0
3, 0
3, 0
3, 0
3, 0
1, 0x3a900
0, 0x38810
0, 0x3a980
2, 2
3, 0
3, 0
3, 0
3, 0
3, 0
3, 0
3, 0
3, 0
3, 0
3, 0
3, 0
3, 0
3, 0
3, 0
3, 0
3, 0
1, 0x3a980
0, 0x38890
0, 0x3aa00
2, 2
3, 0
3, 0
3, 0
3, 0
3, 0
3, 0
3, 0
3, 0
3, 0
3, 0
3, 0
3, 0
3, 0
3, 0
3, 0
3, 0
1, 0x3aa00
0, 0x38910
0, 0x3aa80
2, 2
3, 0
3, 0
3, 0
3, 0
3, 0
3, 0
3, 0
3, 0
3, 0
3, 0
3, 0
3, 0
3, 0
3, 0
3, 0
3, 0
1, 0x3aa80
0, 0x38990
0, 0x3ab00
2, 2
3, 0
3, 0
3, 0
3, 0
3, 0
3, 0
3, 0
3, 0
3, 0
3, 0
3, 0
3, 0
3, 0
3, 0
3, 0
3, 0
1, 0x3ab00
0, 0x38a10
0, 0x3ab80
2, 2
3, 0
3, 0
3, 0
3, 0
3, 0
3, 0
3, 0
3, 0
3, 0
3, 0
3, 0
3, 0
3, 0
3, 0
3, 0
3, 0
0, 0x38a90
0, 0x3ac00
0, 0x38b10
0, 0x3ac80
0, 0x38b90
0, 0x3ad00
0, 0x38c10
0, 0x3ad80
0, 0x38c90
0, 0x3ae00
0, 0x38d10
0, 0x3ae80
0, 0x38d90
0, 0x3af00
0, 0x38e10
0, 0x3af80
1, 0x3ab80
0, 0x38a90
0, 0x3ac00
2, 2
3, 0
3, 0
3, 0
3, 0
3, 0
3, 0
3, 0
3, 0
3, 0
3, 0
3, 0
3, 0
3, 0
3, 0
3, 0
3, 0
1, 0x3ac00
0, 0x38b10
0, 0x3ac80
2, 2
3, 0
3, 0
3, 0
3, 0
3, 0
3, 0
3, 0
3, 0
3, 0
3, 0
3, 0
3, 0
3, 0
3, 0
3, 0
3, 0
1, 0x3ac80
0, 0x38b90
0, 0x3ad00
2, 2
3, 0
3, 0
3, 0
3, 0
3, 0
3, 0
3, 0
3, 0
3, 0
3, 0
3, 0
3, 0
3, 0
3, 0
3, 0
3, 0
1, 0x3ad00
0, 0x38c10
0, 0x3ad80
2, 2
3, 0
3, 0
3, 0
3, 0
3, 0
3, 0
3, 0
3, 0
3, 0
3, 0
3, 0
3, 0
3, 0
3, 0
3, 0
3, 0
1, 0x3ad80
0, 0x38c90
0, 0x3ae00
2, 2
3, 0
3, 0
3, 0
3, 0
3, 0
3, 0
3, 0
3, 0
3, 0
3, 0
3, 0
3, 0
3, 0
3, 0
3, 0
3, 0
1, 0x3ae00
0, 0x38d10
0, 0x3ae80
2, 2
3, 0
3, 0
3, 0
3, 0
3, 0
3, 0
3, 0
3, 0
3, 0
3, 0
3, 0
3, 0
3, 0
3, 0
3, 0
3, 0
1, 0x3ae80
0, 0x38d90
0, 0x3af00
2, 2
3, 0
3, 0
3, 0
3, 0
3, 0
3, 0
3, 0
3, 0
3, 0
3, 0
3, 0
3, 0
3, 0
3, 0
3, 0
3, 0
1, 0x3af00
0, 0x38e10
0, 0x3af80
2, 2
3, 0
3, 0
3, 0
3, 0
3, 0
3, 0
3, 0
3, 0
3, 0
3, 0
3, 0
3, 0
3, 0
3, 0
3, 0
3, 0
0, 0x38e90
0, 0x3b000
0, 0x38f10
0, 0x3b080
0, 0x38f90
0, 0x3b100
0, 0x39010
0, 0x3b180
0, 0x39090
0, 0x3b200
0, 0x39110
0, 0x3b280
0, 0x39190
0, 0x3b300
0, 0x39210
0, 0x3b380
1, 0x3af80
0, 0x38e90
0, 0x3b000
2, 2
3, 0
3, 0
3, 0
3, 0
3, 0
3, 0
3, 0
3, 0
3, 0
3, 0
3, 0
3, 0
3, 0
3, 0
3, 0
3, 0
1, 0x3b000
0, 0x38f10
0, 0x3b080
2, 2
3, 0
3, 0
3, 0
3, 0
3, 0
3, 0
3, 0
3, 0
3, 0
3, 0
3, 0
3, 0
3, 0
3, 0
3, 0
3, 0
1, 0x3b080
0, 0x38f90
0, 0x3b100
2, 2
3, 0
3, 0
3, 0
3, 0
3, 0
3, 0
3, 0
3, 0
3, 0
3, 0
3, 0
3, 0
3, 0
3, 0
3, 0
3, 0
1, 0x3b100
0, 0x39010
0, 0x3b180
2, 2
3, 0
3, 0
3, 0
3, 0
3, 0
3, 0
3, 0
3, 0
3, 0
3, 0
3, 0
3, 0
3, 0
3, 0
3, 0
3, 0
1, 0x3b180
0, 0x39090
0, 0x3b200
2, 2
3, 0
3, 0
3, 0
3, 0
3, 0
3, 0
3, 0
3, 0
3, 0
3, 0
3, 0
3, 0
3, 0
3, 0
3, 0
3, 0
1, 0x3b200
0, 0x39110
0, 0x3b280
2, 2
3, 0
3, 0
3, 0
3, 0
3, 0
3, 0
3, 0
3, 0
3, 0
3, 0
3, 0
3, 0
3, 0
3, 0
3, 0
3, 0
1, 0x3b280
0, 0x39190
0, 0x3b300
2, 2
3, 0
3, 0
3, 0
3, 0
3, 0
3, 0
3, 0
3, 0
3, 0
3, 0
3, 0
3, 0
3, 0
3, 0
3, 0
3, 0
1, 0x3b300
0, 0x39210
0, 0x3b380
2, 2
3, 0
3, 0
3, 0
3, 0
3, 0
3, 0
3, 0
3, 0
3, 0
3, 0
3, 0
3, 0
3, 0
3, 0
3, 0
3, 0
0, 0x39290
0, 0x3b400
0, 0x39310
0, 0x3b480
0, 0x39390
0, 0x3b500
0, 0x39410
0, 0x3b580
0, 0x39490
0, 0x3b600
0, 0x39510
0, 0x3b680
0, 0x39590
0, 0x3b700
0, 0x39610
0, 0x3b780
1, 0x3b380
0, 0x39290
0, 0x3b400
2, 2
3, 0
3, 0
3, 0
3, 0
3, 0
3, 0
3, 0
3, 0
3, 0
3, 0
3, 0
3, 0
3, 0
3, 0
3, 0
3, 0
1, 0x3b400
0, 0x39310
0, 0x3b480
2, 2
3, 0
3, 0
3, 0
3, 0
3, 0
3, 0
3, 0
3, 0
3, 0
3, 0
3, 0
3, 0
3, 0
3, 0
3, 0
3, 0
1, 0x3b480
0, 0x39390
0, 0x3b500
2, 2
3, 0
3, 0
3, 0
3, 0
3, 0
3, 0
3, 0
3, 0
3, 0
3, 0
3, 0
3, 0
3, 0
3, 0
3, 0
3, 0
1, 0x3b500
0, 0x39410
0, 0x3b580
2, 2
3, 0
3, 0
3, 0
3, 0
3, 0
3, 0
3, 0
3, 0
3, 0
3, 0
3, 0
3, 0
3, 0
3, 0
3, 0
3, 0
1, 0x3b580
0, 0x39490
0, 0x3b600
2, 2
3, 0
3, 0
3, 0
3, 0
3, 0
3, 0
3, 0
3, 0
3, 0
3, 0
3, 0
3, 0
3, 0
3, 0
3, 0
3, 0
1, 0x3b600
0, 0x39510
0, 0x3b680
2, 2
3, 0
3, 0
3, 0
3, 0
3, 0
3, 0
3, 0
3, 0
3, 0
3, 0
3, 0
3, 0
3, 0
3, 0
3, 0
3, 0
1, 0x3b680
0, 0x39590
0, 0x3b700
2, 2
3, 0
3, 0
3, 0
3, 0
3, 0
3, 0
3, 0
3, 0
3, 0
3, 0
3, 0
3, 0
3, 0
3, 0
3, 0
3, 0
1, 0x3b700
0, 0x39610
0, 0x3b780
2, 2
3, 0
3, 0
3, 0
3, 0
3, 0
3, 0
3, 0
3, 0
3, 0
3, 0
3, 0
3, 0
3, 0
3, 0
3, 0
3, 0
0, 0x39690
0, 0x3b800
0, 0x39710
0, 0x3b880
0, 0x39790
0, 0x3b900
0, 0x39810
0, 0x3b980
0, 0x39890
0, 0x3ba00
0, 0x39910
0, 0x3ba80
0, 0x39990
0, 0x3bb00
0, 0x39a10
0, 0x3bb80
1, 0x3b780
0, 0x39690
0, 0x3b800
2, 2
3, 0
3, 0
3, 0
3, 0
3, 0
3, 0
3, 0
3, 0
3, 0
3, 0
3, 0
3, 0
3, 0
3, 0
3, 0
3, 0
1, 0x3b800
0, 0x39710
0, 0x3b880
2, 2
3, 0
3, 0
3, 0
3, 0
3, 0
3, 0
3, 0
3, 0
3, 0
3, 0
3, 0
3, 0
3, 0
3, 0
3, 0
3, 0
1, 0x3b880
0, 0x39790
0, 0x3b900
2, 2
3, 0
3, 0
3, 0
3, 0
3, 0
3, 0
3, 0
3, 0
3, 0
3, 0
3, 0
3, 0
3, 0
3, 0
3, 0
3, 0
1, 0x3b900
0, 0x39810
0, 0x3b980
2, 2
3, 0
3, 0
3, 0
3, 0
3, 0
3, 0
3, 0
3, 0
3, 0
3, 0
3, 0
3, 0
3, 0
3, 0
3, 0
3, 0
1, 0x3b980
0, 0x39890
0, 0x3ba00
2, 2
3, 0
3, 0
3, 0
3, 0
3, 0
3, 0
3, 0
3, 0
3, 0
3, 0
3, 0
3, 0
3, 0
3, 0
3, 0
3, 0
1, 0x3ba00
0, 0x39910
0, 0x3ba80
2, 2
3, 0
3, 0
3, 0
3, 0
3, 0
3, 0
3, 0
3, 0
3, 0
3, 0
3, 0
3, 0
3, 0
3, 0
3, 0
3, 0
1, 0x3ba80
0, 0x39990
0, 0x3bb00
2, 2
3, 0
3, 0
3, 0
3, 0
3, 0
3, 0
3, 0
3, 0
3, 0
3, 0
3, 0
3, 0
3, 0
3, 0
3, 0
3, 0
1, 0x3bb00
0, 0x39a10
0, 0x3bb80
2, 2
3, 0
3, 0
3, 0
3, 0
3, 0
3, 0
3, 0
3, 0
3, 0
3, 0
3, 0
3, 0
3, 0
3, 0
3, 0
3, 0
0, 0x39a90
0, 0x3bc00
0, 0x39b10
0, 0x3bc80
0, 0x39b90
0, 0x3bd00
0, 0x39c10
0, 0x3bd80
0, 0x39c90
0, 0x3be00
0, 0x39d10
0, 0x3be80
0, 0x39d90
0, 0x3bf00
0, 0x39e10
0, 0x3bf80
1, 0x3bb80
0, 0x39a90
0, 0x3bc00
2, 2
3, 0
3, 0
3, 0
3, 0
3, 0
3, 0
3, 0
3, 0
3, 0
3, 0
3, 0
3, 0
3, 0
3, 0
3, 0
3, 0
1, 0x3bc00
0, 0x39b10
0, 0x3bc80
2, 2
3, 0
3, 0
3, 0
3, 0
3, 0
3, 0
3, 0
3, 0
3, 0
3, 0
3, 0
3, 0
3, 0
3, 0
3, 0
3, 0
1, 0x3bc80
0, 0x39b90
0, 0x3bd00
2, 2
3, 0
3, 0
3, 0
3, 0
3, 0
3, 0
3, 0
3, 0
3, 0
3, 0
3, 0
3, 0
3, 0
3, 0
3, 0
3, 0
1, 0x3bd00
0, 0x39c10
0, 0x3bd80
2, 2
3, 0
3, 0
3, 0
3, 0
3, 0
3, 0
3, 0
3, 0
3, 0
3, 0
3, 0
3, 0
3, 0
3, 0
3, 0
3, 0
1, 0x3bd80
0, 0x39c90
0, 0x3be00
2, 2
3, 0
3, 0
3, 0
3, 0
3, 0
3, 0
3, 0
3, 0
3, 0
3, 0
3, 0
3, 0
3, 0
3, 0
3, 0
3, 0
1, 0x3be00
0, 0x39d10
0, 0x3be80
2, 2
3, 0
3, 0
3, 0
3, 0
3, 0
3, 0
3, 0
3, 0
3, 0
3, 0
3, 0
3, 0
3, 0
3, 0
3, 0
3, 0
1, 0x3be80
0, 0x39d90
0, 0x3bf00
2, 2
3, 0
3, 0
3, 0
3, 0
3, 0
3, 0
3, 0
3, 0
3, 0
3, 0
3, 0
3, 0
3, 0
3, 0
3, 0
3, 0
1, 0x3bf00
0, 0x39e10
0, 0x3bf80
2, 2
3, 0
3, 0
3, 0
3, 0
3, 0
3, 0
3, 0
3, 0
3, 0
3, 0
3, 0
3, 0
3, 0
3, 0
3, 0
3, 0
0, 0x39e90
0, 0x3c000
0, 0x39f10
0, 0x3c080
0, 0x39f90
0, 0x3c100
0, 0x3a010
0, 0x3c180
0, 0x3a090
0, 0x3c200
0, 0x3a110
0, 0x3c280
0, 0x3a190
0, 0x3c300
0, 0x3a210
0, 0x3c380
1, 0x3bf80
0, 0x39e90
0, 0x3c000
2, 2
3, 0
3, 0
3, 0
3, 0
3, 0
3, 0
3, 0
3, 0
3, 0
3, 0
3, 0
3, 0
3, 0
3, 0
3, 0
3, 0
1, 0x3c000
0, 0x39f10
0, 0x3c080
2, 2
3, 0
3, 0
3, 0
3, 0
3, 0
3, 0
3, 0
3, 0
3, 0
3, 0
3, 0
3, 0
3, 0
3, 0
3, 0
3, 0
1, 0x3c080
0, 0x39f90
0, 0x3c100
2, 2
3, 0
3, 0
3, 0
3, 0
3, 0
3, 0
3, 0
3, 0
3, 0
3, 0
3, 0
3, 0
3, 0
3, 0
3, 0
3, 0
1, 0x3c100
0, 0x3a010
0, 0x3c180
2, 2
3, 0
3, 0
3, 0
3, 0
3, 0
3, 0
3, 0
3, 0
3, 0
3, 0
3, 0
3, 0
3, 0
3, 0
3, 0
3, 0
1, 0x3c180
0, 0x3a090
0, 0x3c200
2, 2
3, 0
3, 0
3, 0
3, 0
3, 0
3, 0
3, 0
3, 0
3, 0
3, 0
3, 0
3, 0
3, 0
3, 0
3, 0
3, 0
1, 0x3c200
0, 0x3a110
0, 0x3c280
2, 2
3, 0
3, 0
3, 0
3, 0
3, 0
3, 0
3, 0
3, 0
3, 0
3, 0
3, 0
3, 0
3, 0
3, 0
3, 0
3, 0
1, 0x3c280
0, 0x3a190
0, 0x3c300
2, 2
3, 0
3, 0
3, 0
3, 0
3, 0
3, 0
3, 0
3, 0
3, 0
3, 0
3, 0
3, 0
3, 0
3, 0
3, 0
3, 0
1, 0x3c300
0, 0x3a210
0, 0x3c380
2, 2
3, 0
3, 0
3, 0
3, 0
3, 0
3, 0
3, 0
3, 0
3, 0
3, 0
3, 0
3, 0
3, 0
3, 0
3, 0
3, 0
3, 0
3, 0
3, 0
3, 0
0, 0x38290
0, 0x3a450
0, 0x38310
0, 0x3a4d0
0, 0x38390
0, 0x3a550
0, 0x38410
0, 0x3a5d0
0, 0x38490
0, 0x3a650
0, 0x38510
0, 0x3a6d0
0, 0x38590
0, 0x3a750
0, 0x38610
0, 0x3a7d0
1, 0x3c380
0, 0x38290
0, 0x3a450
2, 2
3, 0
3, 0
3, 0
3, 0
3, 0
3, 0
3, 0
3, 0
3, 0
3, 0
3, 0
3, 0
3, 0
3, 0
3, 0
3, 0
1, 0x3a450
0, 0x38310
0, 0x3a4d0
2, 2
3, 0
3, 0
3, 0
3, 0
3, 0
3, 0
3, 0
3, 0
3, 0
3, 0
3, 0
3, 0
3, 0
3, 0
3, 0
3, 0
1, 0x3a4d0
0, 0x38390
0, 0x3a550
2, 2
3, 0
3, 0
3, 0
3, 0
3, 0
3, 0
3, 0
3, 0
3, 0
3, 0
3, 0
3, 0
3, 0
3, 0
3, 0
3, 0
1, 0x3a550
0, 0x38410
0, 0x3a5d0
2, 2
3, 0
3, 0
3, 0
3, 0
3, 0
3, 0
3, 0
3, 0
3, 0
3, 0
3, 0
3, 0
3, 0
3, 0
3, 0
3, 0
1, 0x3a5d0
0, 0x38490
0, 0x3a650
2, 2
3, 0
3, 0
3, 0
3, 0
3, 0
3, 0
3, 0
3, 0
3, 0
3, 0
3, 0
3, 0
3, 0
3, 0
3, 0
3, 0
1, 0x3a650
0, 0x38510
0, 0x3a6d0
2, 2
3, 0
3, 0
3, 0
3, 0
3, 0
3, 0
3, 0
3, 0
3, 0
3, 0
3, 0
3, 0
3, 0
3, 0
3, 0
3, 0
1, 0x3a6d0
0, 0x38590
0, 0x3a750
2, 2
3, 0
3, 0
3, 0
3, 0
3, 0
3, 0
3, 0
3, 0
3, 0
3, 0
3, 0
3, 0
3, 0
3, 0
3, 0
3, 0
1, 0x3a750
0, 0x38610
0, 0x3a7d0
2, 2
3, 0
3, 0
3, 0
3, 0
3, 0
3, 0
3, 0
3, 0
3, 0
3, 0
3, 0
3, 0
3, 0
3, 0
3, 0
3, 0
0, 0x38690
0, 0x3a850
0, 0x38710
0, 0x3a8d0
0, 0x38790
0, 0x3a950
0, 0x38810
0, 0x3a9d0
0, 0x38890
0, 0x3aa50
0, 0x38910
0, 0x3aad0
0, 0x38990
0, 0x3ab50
0, 0x38a10
0, 0x3abd0
1, 0x3a7d0
0, 0x38690
0, 0x3a850
2, 2
3, 0
3, 0
3, 0
3, 0
3, 0
3, 0
3, 0
3, 0
3, 0
3, 0
3, 0
3, 0
3, 0
3, 0
3, 0
3, 0
1, 0x3a850
0, 0x38710
0, 0x3a8d0
2, 2
3, 0
3, 0
3, 0
3, 0
3, 0
3, 0
3, 0
3, 0
3, 0
3, 0
3, 0
3, 0
3, 0
3, 0
3, 0
3, 0
1, 0x3a8d0
0, 0x38790
0, 0x3a950
2, 2
3, 0
3, 0
3, 0
3, 0
3, 0
3, 0
3, 0
3, 0
3, 0
3, 0
3, 0
3, 0
3, 0
3, 0
3, 0
3, 0
1, 0x3a950
0, 0x38810
0, 0x3a9d0
2, 2
3, 0
3, 0
3, 0
3, 0
3, 0
3, 0
3, 0
3, 0
3, 0
3, 0
3, 0
3, 0
3, 0
3, 0
3, 0
3, 0
1, 0x3a9d0
0, 0x38890
0, 0x3aa50
2, 2
3, 0
3, 0
3, 0
3, 0
3, 0
3, 0
3, 0
3, 0
3, 0
3, 0
3, 0
3, 0
3, 0
3, 0
3, 0
3, 0
1, 0x3aa50
0, 0x38910
0, 0x3aad0
2, 2
3, 0
3, 0
3, 0
3, 0
3, 0
3, 0
3, 0
3, 0
3, 0
3, 0
3, 0
3, 0
3, 0
3, 0
3, 0
3, 0
1, 0x3aad0
0, 0x38990
0, 0x3ab50
2, 2
3, 0
3, 0
3, 0
3, 0
3, 0
3, 0
3, 0
3, 0
3, 0
3, 0
3, 0
3, 0
3, 0
3, 0
3, 0
3, 0
1, 0x3ab50
0, 0x38a10
0, 0x3abd0
2, 2
3, 0
3, 0
3, 0
3, 0
3, 0
3, 0
3, 0
3, 0
3, 0
3, 0
3, 0
3, 0
3, 0
3, 0
3, 0
3, 0
0, 0x38a90
0, 0x3ac50
0, 0x38b10
0, 0x3acd0
0, 0x38b90
0, 0x3ad50
0, 0x38c10
0, 0x3add0
0, 0x38c90
0, 0x3ae50
0, 0x38d10
0, 0x3aed0
0, 0x38d90
0, 0x3af50
0, 0x38e10
0, 0x3afd0
1, 0x3abd0
0, 0x38a90
0, 0x3ac50
2, 2
3, 0
3, 0
3, 0
3, 0
3, 0
3, 0
3, 0
3, 0
3, 0
3, 0
3, 0
3, 0
3, 0
3, 0
3, 0
3, 0
1, 0x3ac50
0, 0x38b10
0, 0x3acd0
2, 2
3, 0
3, 0
3, 0
3, 0
3, 0
3, 0
3, 0
3, 0
3, 0
3, 0
3, 0
3, 0
3, 0
3, 0
3, 0
3, 0
1, 0x3acd0
0, 0x38b90
0, 0x3ad50
2, 2
3, 0
3, 0
3, 0
3, 0
3, 0
3, 0
3, 0
3, 0
3, 0
3, 0
3, 0
3, 0
3, 0
3, 0
3, 0
3, 0
1, 0x3ad50
0, 0x38c10
0, 0x3add0
2, 2
3, 0
3, 0
3, 0
3, 0
3, 0
3, 0
3, 0
3, 0
3, 0
3, 0
3, 0
3, 0
3, 0
3, 0
3, 0
3, 0
1, 0x3add0
0, 0x38c90
0, 0x3ae50
2, 2
3, 0
3, 0
3, 0
3, 0
3, 0
3, 0
3, 0
3, 0
3, 0
3, 0
3, 0
3, 0
3, 0
3, 0
3, 0
3, 0
1, 0x3ae50
0, 0x38d10
0, 0x3aed0
2, 2
3, 0
3, 0
3, 0
3, 0
3, 0
3, 0
3, 0
3, 0
3, 0
3, 0
3, 0
3, 0
3, 0
3, 0
3, 0
3, 0
1, 0x3aed0
0, 0x38d90
0, 0x3af50
2, 2
3, 0
3, 0
3, 0
3, 0
3, 0
3, 0
3, 0
3, 0
3, 0
3, 0
3, 0
3, 0
3, 0
3, 0
3, 0
3, 0
1, 0x3af50
0, 0x38e10
0, 0x3afd0
2, 2
3, 0
3, 0
3, 0
3, 0
3, 0
3, 0
3, 0
3, 0
3, 0
3, 0
3, 0
3, 0
3, 0
3, 0
3, 0
3, 0
0, 0x38e90
0, 0x3b050
0, 0x38f10
0, 0x3b0d0
0, 0x38f90
0, 0x3b150
0, 0x39010
0, 0x3b1d0
0, 0x39090
0, 0x3b250
0, 0x39110
0, 0x3b2d0
0, 0x39190
0, 0x3b350
0, 0x39210
0, 0x3b3d0
1, 0x3afd0
0, 0x38e90
0, 0x3b050
2, 2
3, 0
3, 0
3, 0
3, 0
3, 0
3, 0
3, 0
3, 0
3, 0
3, 0
3, 0
3, 0
3, 0
3, 0
3, 0
3, 0
1, 0x3b050
0, 0x38f10
0, 0x3b0d0
2, 2
3, 0
3, 0
3, 0
3, 0
3, 0
3, 0
3, 0
3, 0
3, 0
3, 0
3, 0
3, 0
3, 0
3, 0
3, 0
3, 0
1, 0x3b0d0
0, 0x38f90
0, 0x3b150
2, 2
3, 0
3, 0
3, 0
3, 0
3, 0
3, 0
3, 0
3, 0
3, 0
3, 0
3, 0
3, 0
3, 0
3, 0
3, 0
3, 0
1, 0x3b150
0, 0x39010
0, 0x3b1d0
2, 2
3, 0
3, 0
3, 0
3, 0
3, 0
3, 0
3, 0
3, 0
3, 0
3, 0
3, 0
3, 0
3, 0
3, 0
3, 0
3, 0
1, 0x3b1d0
0, 0x39090
0, 0x3b250
2, 2
3, 0
3, 0
3, 0
3, 0
3, 0
3, 0
3, 0
3, 0
3, 0
3, 0
3, 0
3, 0
3, 0
3, 0
3, 0
3, 0
1, 0x3b250
0, 0x39110
0, 0x3b2d0
2, 2
3, 0
3, 0
3, 0
3, 0
3, 0
3, 0
3, 0
3, 0
3, 0
3, 0
3, 0
3, 0
3, 0
3, 0
3, 0
3, 0
1, 0x3b2d0
0, 0x39190
0, 0x3b350
2, 2
3, 0
3, 0
3, 0
3, 0
3, 0
3, 0
3, 0
3, 0
3, 0
3, 0
3, 0
3, 0
3, 0
3, 0
3, 0
3, 0
1, 0x3b350
0, 0x39210
0, 0x3b3d0
2, 2
3, 0
3, 0
3, 0
3, 0
3, 0
3, 0
3, 0
3, 0
3, 0
3, 0
3, 0
3, 0
3, 0
3, 0
3, 0
3, 0
0, 0x39290
0, 0x3b450
0, 0x39310
0, 0x3b4d0
0, 0x39390
0, 0x3b550
0, 0x39410
0, 0x3b5d0
0, 0x39490
0, 0x3b650
0, 0x39510
0, 0x3b6d0
0, 0x39590
0, 0x3b750
0, 0x39610
0, 0x3b7d0
1, 0x3b3d0
0, 0x39290
0, 0x3b450
2, 2
3, 0
3, 0
3, 0
3, 0
3, 0
3, 0
3, 0
3, 0
3, 0
3, 0
3, 0
3, 0
3, 0
3, 0
3, 0
3, 0
1, 0x3b450
0, 0x39310
0, 0x3b4d0
2, 2
3, 0
3, 0
3, 0
3, 0
3, 0
3, 0
3, 0
3, 0
3, 0
3, 0
3, 0
3, 0
3, 0
3, 0
3, 0
3, 0
1, 0x3b4d0
0, 0x39390
0, 0x3b550
2, 2
3, 0
3, 0
3, 0
3, 0
3, 0
3, 0
3, 0
3, 0
3, 0
3, 0
3, 0
3, 0
3, 0
3, 0
3, 0
3, 0
1, 0x3b550
0, 0x39410
0, 0x3b5d0
2, 2
3, 0
3, 0
3, 0
3, 0
3, 0
3, 0
3, 0
3, 0
3, 0
3, 0
3, 0
3, 0
3, 0
3, 0
3, 0
3, 0
1, 0x3b5d0
0, 0x39490
0, 0x3b650
2, 2
3, 0
3, 0
3, 0
3, 0
3, 0
3, 0
3, 0
3, 0
3, 0
3, 0
3, 0
3, 0
3, 0
3, 0
3, 0
3, 0
1, 0x3b650
0, 0x39510
0, 0x3b6d0
2, 2
3, 0
3, 0
3, 0
3, 0
3, 0
3, 0
3, 0
3, 0
3, 0
3, 0
3, 0
3, 0
3, 0
3, 0
3, 0
3, 0
1, 0x3b6d0
0, 0x39590
0, 0x3b750
2, 2
3, 0
3, 0
3, 0
3, 0
3, 0
3, 0
3, 0
3, 0
3, 0
3, 0
3, 0
3, 0
3, 0
3, 0
3, 0
3, 0
1, 0x3b750
0, 0x39610
0, 0x3b7d0
2, 2
3, 0
3, 0
3, 0
3, 0
3, 0
3, 0
3, 0
3, 0
3, 0
3, 0
3, 0
3, 0
3, 0
3, 0
3, 0
3, 0
0, 0x39690
0, 0x3b850
0, 0x39710
0, 0x3b8d0
0, 0x39790
0, 0x3b950
0, 0x39810
0, 0x3b9d0
0, 0x39890
0, 0x3ba50
0, 0x39910
0, 0x3bad0
0, 0x39990
0, 0x3bb50
0, 0x39a10
0, 0x3bbd0
1, 0x3b7d0
0, 0x39690
0, 0x3b850
2, 2
3, 0
3, 0
3, 0
3, 0
3, 0
3, 0
3, 0
3, 0
3, 0
3, 0
3, 0
3, 0
3, 0
3, 0
3, 0
3, 0
1, 0x3b850
0, 0x39710
0, 0x3b8d0
2, 2
3, 0
3, 0
3, 0
3, 0
3, 0
3, 0
3, 0
3, 0
3, 0
3, 0
3, 0
3, 0
3, 0
3, 0
3, 0
3, 0
1, 0x3b8d0
0, 0x39790
0, 0x3b950
2, 2
3, 0
3, 0
3, 0
3, 0
3, 0
3, 0
3, 0
3, 0
3, 0
3, 0
3, 0
3, 0
3, 0
3, 0
3, 0
3, 0
1, 0x3b950
0, 0x39810
0, 0x3b9d0
2, 2
3, 0
3, 0
3, 0
3, 0
3, 0
3, 0
3, 0
3, 0
3, 0
3, 0
3, 0
3, 0
3, 0
3, 0
3, 0
3, 0
1, 0x3b9d0
0, 0x39890
0, 0x3ba50
2, 2
3, 0
3, 0
3, 0
3, 0
3, 0
3, 0
3, 0
3, 0
3, 0
3, 0
3, 0
3, 0
3, 0
3, 0
3, 0
3, 0
1, 0x3ba50
0, 0x39910
0, 0x3bad0
2, 2
3, 0
3, 0
3, 0
3, 0
3, 0
3, 0
3, 0
3, 0
3, 0
3, 0
3, 0
3, 0
3, 0
3, 0
3, 0
3, 0
1, 0x3bad0
0, 0x39990
0, 0x3bb50
2, 2
3, 0
3, 0
3, 0
3, 0
3, 0
3, 0
3, 0
3, 0
3, 0
3, 0
3, 0
3, 0
3, 0
3, 0
3, 0
3, 0
1, 0x3bb50
0, 0x39a10
0, 0x3bbd0
2, 2
3, 0
3, 0
3, 0
3, 0
3, 0
3, 0
3, 0
3, 0
3, 0
3, 0
3, 0
3, 0
3, 0
3, 0
3, 0
3, 0
0, 0x39a90
0, 0x3bc50
0, 0x39b10
0, 0x3bcd0
0, 0x39b90
0, 0x3bd50
0, 0x39c10
0, 0x3bdd0
0, 0x39c90
0, 0x3be50
0, 0x39d10
0, 0x3bed0
0, 0x39d90
0, 0x3bf50
0, 0x39e10
0, 0x3bfd0
1, 0x3bbd0
0, 0x39a90
0, 0x3bc50
2, 2
3, 0
3, 0
3, 0
3, 0
3, 0
3, 0
3, 0
3, 0
3, 0
3, 0
3, 0
3, 0
3, 0
3, 0
3, 0
3, 0
1, 0x3bc50
0, 0x39b10
0, 0x3bcd0
2, 2
3, 0
3, 0
3, 0
3, 0
3, 0
3, 0
3, 0
3, 0
3, 0
3, 0
3, 0
3, 0
3, 0
3, 0
3, 0
3, 0
1, 0x3bcd0
0, 0x39b90
0, 0x3bd50
2, 2
3, 0
3, 0
3, 0
3, 0
3, 0
3, 0
3, 0
3, 0
3, 0
3, 0
3, 0
3, 0
3, 0
3, 0
3, 0
3, 0
1, 0x3bd50
0, 0x39c10
0, 0x3bdd0
2, 2
3, 0
3, 0
3, 0
3, 0
3, 0
3, 0
3, 0
3, 0
3, 0
3, 0
3, 0
3, 0
3, 0
3, 0
3, 0
3, 0
1, 0x3bdd0
0, 0x39c90
0, 0x3be50
2, 2
3, 0
3, 0
3, 0
3, 0
3, 0
3, 0
3, 0
3, 0
3, 0
3, 0
3, 0
3, 0
3, 0
3, 0
3, 0
3, 0
1, 0x3be50
0, 0x39d10
0, 0x3bed0
2, 2
3, 0
3, 0
3, 0
3, 0
3, 0
3, 0
3, 0
3, 0
3, 0
3, 0
3, 0
3, 0
3, 0
3, 0
3, 0
3, 0
1, 0x3bed0
0, 0x39d90
0, 0x3bf50
2, 2
3, 0
3, 0
3, 0
3, 0
3, 0
3, 0
3, 0
3, 0
3, 0
3, 0
3, 0
3, 0
3, 0
3, 0
3, 0
3, 0
1, 0x3bf50
0, 0x39e10
0, 0x3bfd0
2, 2
3, 0
3, 0
3, 0
3, 0
3, 0
3, 0
3, 0
3, 0
3, 0
3, 0
3, 0
3, 0
3, 0
3, 0
3, 0
3, 0
0, 0x39e90
0, 0x3c050
0, 0x39f10
0, 0x3c0d0
0, 0x39f90
0, 0x3c150
0, 0x3a010
0, 0x3c1d0
0, 0x3a090
0, 0x3c250
0, 0x3a110
0, 0x3c2d0
0, 0x3a190
0, 0x3c350
0, 0x3a210
0, 0x3c3d0
1, 0x3bfd0
0, 0x39e90
0, 0x3c050
2, 2
3, 0
3, 0
3, 0
3, 0
3, 0
3, 0
3, 0
3, 0
3, 0
3, 0
3, 0
3, 0
3, 0
3, 0
3, 0
3, 0
1, 0x3c050
0, 0x39f10
0, 0x3c0d0
2, 2
3, 0
3, 0
3, 0
3, 0
3, 0
3, 0
3, 0
3, 0
3, 0
3, 0
3, 0
3, 0
3, 0
3, 0
3, 0
3, 0
1, 0x3c0d0
0, 0x39f90
0, 0x3c150
2, 2
3, 0
3, 0
3, 0
3, 0
3, 0
3, 0
3, 0
3, 0
3, 0
3, 0
3, 0
3, 0
3, 0
3, 0
3, 0
3, 0
1, 0x3c150
0, 0x3a010
0, 0x3c1d0
2, 2
3, 0
3, 0
3, 0
3, 0
3, 0
3, 0
3, 0
3, 0
3, 0
3, 0
3, 0
3, 0
3, 0
3, 0
3, 0
3, 0
1, 0x3c1d0
0, 0x3a090
0, 0x3c250
2, 2
3, 0
3, 0
3, 0
3, 0
3, 0
3, 0
3, 0
3, 0
3, 0
3, 0
3, 0
3, 0
3, 0
3, 0
3, 0
3, 0
1, 0x3c250
0, 0x3a110
0, 0x3c2d0
2, 2
3, 0
3, 0
3, 0
3, 0
3, 0
3, 0
3, 0
3, 0
3, 0
3, 0
3, 0
3, 0
3, 0
3, 0
3, 0
3, 0
1, 0x3c2d0
0, 0x3a190
0, 0x3c350
2, 2
3, 0
3, 0
3, 0
3, 0
3, 0
3, 0
3, 0
3, 0
3, 0
3, 0
3, 0
3, 0
3, 0
3, 0
3, 0
3, 0
1, 0x3c350
0, 0x3a210
0, 0x3c3d0
2, 2
3, 0
3, 0
3, 0
3, 0
3, 0
3, 0
3, 0
3, 0
3, 0
3, 0
3, 0
3, 0
3, 0
3, 0
3, 0
3, 0
3, 0
3, 0
3, 0
3, 0
0, 0x38290
0, 0x3a4a0
0, 0x38310
0, 0x3a520
0, 0x38390
0, 0x3a5a0
0, 0x38410
0, 0x3a620
0, 0x38490
0, 0x3a6a0
0, 0x38510
0, 0x3a720
0, 0x38590
0, 0x3a7a0
0, 0x38610
0, 0x3a820
1, 0x3c3d0
0, 0x38290
0, 0x3a4a0
2, 2
3, 0
3, 0
3, 0
3, 0
3, 0
3, 0
3, 0
3, 0
3, 0
3, 0
3, 0
3, 0
3, 0
3, 0
3, 0
3, 0
1, 0x3a4a0
0, 0x38310
0, 0x3a520
2, 2
3, 0
3, 0
3, 0
3, 0
3, 0
3, 0
3, 0
3, 0
3, 0
3, 0
3, 0
3, 0
3, 0
3, 0
3, 0
3, 0
1, 0x3a520
0, 0x38390
0, 0x3a5a0
2, 2
3, 0
3, 0
3, 0
3, 0
3, 0
3, 0
3, 0
3, 0
3, 0
3, 0
3, 0
3, 0
3, 0
3, 0
3, 0
3, 0
1, 0x3a5a0
0, 0x38410
0, 0x3a620
2, 2
3, 0
3, 0
3, 0
3, 0
3, 0
3, 0
3, 0
3, 0
3, 0
3, 0
3, 0
3, 0
3, 0
3, 0
3, 0
3, 0
1, 0x3a620
0, 0x38490
0, 0x3a6a0
2, 2
3, 0
3, 0
3, 0
3, 0
3, 0
3, 0
3, 0
3, 0
3, 0
3, 0
3, 0
3, 0
3, 0
3, 0
3, 0
3, 0
1, 0x3a6a0
0, 0x38510
0, 0x3a720
2, 2
3, 0
3, 0
3, 0
3, 0
3, 0
3, 0
3, 0
3, 0
3, 0
3, 0
3, 0
3, 0
3, 0
3, 0
3, 0
3, 0
1, 0x3a720
0, 0x38590
0, 0x3a7a0
2, 2
3, 0
3, 0
3, 0
3, 0
3, 0
3, 0
3, 0
3, 0
3, 0
3, 0
3, 0
3, 0
3, 0
3, 0
3, 0
3, 0
1, 0x3a7a0
0, 0x38610
0, 0x3a820
2, 2
3, 0
3, 0
3, 0
3, 0
3, 0
3, 0
3, 0
3, 0
3, 0
3, 0
3, 0
3, 0
3, 0
3, 0
3, 0
3, 0
0, 0x38690
0, 0x3a8a0
0, 0x38710
0, 0x3a920
0, 0x38790
0, 0x3a9a0
0, 0x38810
0, 0x3aa20
0, 0x38890
0, 0x3aaa0
0, 0x38910
0, 0x3ab20
0, 0x38990
0, 0x3aba0
0, 0x38a10
0, 0x3ac20
1, 0x3a820
0, 0x38690
0, 0x3a8a0
2, 2
3, 0
3, 0
3, 0
3, 0
3, 0
3, 0
3, 0
3, 0
3, 0
3, 0
3, 0
3, 0
3, 0
3, 0
3, 0
3, 0
1, 0x3a8a0
0, 0x38710
0, 0x3a920
2, 2
3, 0
3, 0
3, 0
3, 0
3, 0
3, 0
3, 0
3, 0
3, 0
3, 0
3, 0
3, 0
3, 0
3, 0
3, 0
3, 0
1, 0x3a920
0, 0x38790
0, 0x3a9a0
2, 2
3, 0
3, 0
3, 0
3, 0
3, 0
3, 0
3, 0
3, 0
3, 0
3, 0
3, 0
3, 0
3, 0
3, 0
3, 0
3, 0
1, 0x3a9a0
0, 0x38810
0, 0x3aa20
2, 2
3, 0
3, 0
3, 0
3, 0
3, 0
3, 0
3, 0
3, 0
3, 0
3, 0
3, 0
3, 0
3, 0
3, 0
3, 0
3, 0
1, 0x3aa20
0, 0x38890
0, 0x3aaa0
2, 2
3, 0
3, 0
3, 0
3, 0
3, 0
3, 0
3, 0
3, 0
3, 0
3, 0
3, 0
3, 0
3, 0
3, 0
3, 0
3, 0
1, 0x3aaa0
0, 0x38910
0, 0x3ab20
2, 2
3, 0
3, 0
3, 0
3, 0
3, 0
3, 0
3, 0
3, 0
3, 0
3, 0
3, 0
3, 0
3, 0
3, 0
3, 0
3, 0
1, 0x3ab20
0, 0x38990
0, 0x3aba0
2, 2
3, 0
3, 0
3, 0
3, 0
3, 0
3, 0
3, 0
3, 0
3, 0
3, 0
3, 0
3, 0
3, 0
3, 0
3, 0
3, 0
1, 0x3aba0
0, 0x38a10
0, 0x3ac20
2, 2
3, 0
3, 0
3, 0
3, 0
3, 0
3, 0
3, 0
3, 0
3, 0
3, 0
3, 0
3, 0
3, 0
3, 0
3, 0
3, 0
0, 0x38a90
0, 0x3aca0
0, 0x38b10
0, 0x3ad20
0, 0x38b90
0, 0x3ada0
0, 0x38c10
0, 0x3ae20
0, 0x38c90
0, 0x3aea0
0, 0x38d10
0, 0x3af20
0, 0x38d90
0, 0x3afa0
0, 0x38e10
0, 0x3b020
1, 0x3ac20
0, 0x38a90
0, 0x3aca0
2, 2
3, 0
3, 0
3, 0
3, 0
3, 0
3, 0
3, 0
3, 0
3, 0
3, 0
3, 0
3, 0
3, 0
3, 0
3, 0
3, 0
1, 0x3aca0
0, 0x38b10
0, 0x3ad20
2, 2
3, 0
3, 0
3, 0
3, 0
3, 0
3, 0
3, 0
3, 0
3, 0
3, 0
3, 0
3, 0
3, 0
3, 0
3, 0
3, 0
1, 0x3ad20
0, 0x38b90
0, 0x3ada0
2, 2
3, 0
3, 0
3, 0
3, 0
3, 0
3, 0
3, 0
3, 0
3, 0
3, 0
3, 0
3, 0
3, 0
3, 0
3, 0
3, 0
1, 0x3ada0
0, 0x38c10
0, 0x3ae20
2, 2
3, 0
3, 0
3, 0
3, 0
3, 0
3, 0
3, 0
3, 0
3, 0
3, 0
3, 0
3, 0
3, 0
3, 0
3, 0
3, 0
1, 0x3ae20
0, 0x38c90
0, 0x3aea0
2, 2
3, 0
3, 0
3, 0
3, 0
3, 0
3, 0
3, 0
3, 0
3, 0
3, 0
3, 0
3, 0
3, 0
3, 0
3, 0
3, 0
1, 0x3aea0
0, 0x38d10
0, 0x3af20
2, 2
3, 0
3, 0
3, 0
3, 0
3, 0
3, 0
3, 0
3, 0
3, 0
3, 0
3, 0
3, 0
3, 0
3, 0
3, 0
3, 0
1, 0x3af20
0, 0x38d90
0, 0x3afa0
2, 2
3, 0
3, 0
3, 0
3, 0
3, 0
3, 0
3, 0
3, 0
3, 0
3, 0
3, 0
3, 0
3, 0
3, 0
3, 0
3, 0
1, 0x3afa0
0, 0x38e10
0, 0x3b020
2, 2
3, 0
3, 0
3, 0
3, 0
3, 0
3, 0
3, 0
3, 0
3, 0
3, 0
3, 0
3, 0
3, 0
3, 0
3, 0
3, 0
0, 0x38e90
0, 0x3b0a0
0, 0x38f10
0, 0x3b120
0, 0x38f90
0, 0x3b1a0
0, 0x39010
0, 0x3b220
0, 0x39090
0, 0x3b2a0
0, 0x39110
0, 0x3b320
0, 0x39190
0, 0x3b3a0
0, 0x39210
0, 0x3b420
1, 0x3b020
0, 0x38e90
0, 0x3b0a0
2, 2
3, 0
3, 0
3, 0
3, 0
3, 0
3, 0
3, 0
3, 0
3, 0
3, 0
3, 0
3, 0
3, 0
3, 0
3, 0
3, 0
1, 0x3b0a0
0, 0x38f10
0, 0x3b120
2, 2
3, 0
3, 0
3, 0
3, 0
3, 0
3, 0
3, 0
3, 0
3, 0
3, 0
3, 0
3, 0
3, 0
3, 0
3, 0
3, 0
1, 0x3b120
0, 0x38f90
0, 0x3b1a0
2, 2
3, 0
3, 0
3, 0
3, 0
3, 0
3, 0
3, 0
3, 0
3, 0
3, 0
3, 0
3, 0
3, 0
3, 0
3, 0
3, 0
1, 0x3b1a0
0, 0x39010
0, 0x3b220
2, 2
3, 0
3, 0
3, 0
3, 0
3, 0
3, 0
3, 0
3, 0
3, 0
3, 0
3, 0
3, 0
3, 0
3, 0
3, 0
3, 0
1, 0x3b220
0, 0x39090
0, 0x3b2a0
2, 2
3, 0
3, 0
3, 0
3, 0
3, 0
3, 0
3, 0
3, 0
3, 0
3, 0
3, 0
3, 0
3, 0
3, 0
3, 0
3, 0
1, 0x3b2a0
0, 0x39110
0, 0x3b320
2, 2
3, 0
3, 0
3, 0
3, 0
3, 0
3, 0
3, 0
3, 0
3, 0
3, 0
3, 0
3, 0
3, 0
3, 0
3, 0
3, 0
1, 0x3b320
0, 0x39190
0, 0x3b3a0
2, 2
3, 0
3, 0
3, 0
3, 0
3, 0
3, 0
3, 0
3, 0
3, 0
3, 0
3, 0
3, 0
3, 0
3, 0
3, 0
3, 0
1, 0x3b3a0
0, 0x39210
0, 0x3b420
2, 2
3, 0
3, 0
3, 0
3, 0
3, 0
3, 0
3, 0
3, 0
3, 0
3, 0
3, 0
3, 0
3, 0
3, 0
3, 0
3, 0
0, 0x39290
0, 0x3b4a0
0, 0x39310
0, 0x3b520
0, 0x39390
0, 0x3b5a0
0, 0x39410
0, 0x3b620
0, 0x39490
0, 0x3b6a0
0, 0x39510
0, 0x3b720
0, 0x39590
0, 0x3b7a0
0, 0x39610
0, 0x3b820
1, 0x3b420
0, 0x39290
0, 0x3b4a0
2, 2
3, 0
3, 0
3, 0
3, 0
3, 0
3, 0
3, 0
3, 0
3, 0
3, 0
3, 0
3, 0
3, 0
3, 0
3, 0
3, 0
1, 0x3b4a0
0, 0x39310
0, 0x3b520
2, 2
3, 0
3, 0
3, 0
3, 0
3, 0
3, 0
3, 0
3, 0
3, 0
3, 0
3, 0
3, 0
3, 0
3, 0
3, 0
3, 0
1, 0x3b520
0, 0x39390
0, 0x3b5a0
2, 2
3, 0
3, 0
3, 0
3, 0
3, 0
3, 0
3, 0
3, 0
3, 0
3, 0
3, 0
3, 0
3, 0
3, 0
3, 0
3, 0
1, 0x3b5a0
0, 0x39410
0, 0x3b620
2, 2
3, 0
3, 0
3, 0
3, 0
3, 0
3, 0
3, 0
3, 0
3, 0
3, 0
3, 0
3, 0
3, 0
3, 0
3, 0
3, 0
1, 0x3b620
0, 0x39490
0, 0x3b6a0
2, 2
3, 0
3, 0
3, 0
3, 0
3, 0
3, 0
3, 0
3, 0
3, 0
3, 0
3, 0
3, 0
3, 0
3, 0
3, 0
3, 0
1, 0x3b6a0
0, 0x39510
0, 0x3b720
2, 2
3, 0
3, 0
3, 0
3, 0
3, 0
3, 0
3, 0
3, 0
3, 0
3, 0
3, 0
3, 0
3, 0
3, 0
3, 0
3, 0
1, 0x3b720
0, 0x39590
0, 0x3b7a0
2, 2
3, 0
3, 0
3, 0
3, 0
3, 0
3, 0
3, 0
3, 0
3, 0
3, 0
3, 0
3, 0
3, 0
3, 0
3, 0
3, 0
1, 0x3b7a0
0, 0x39610
0, 0x3b820
2, 2
3, 0
3, 0
3, 0
3, 0
3, 0
3, 0
3, 0
3, 0
3, 0
3, 0
3, 0
3, 0
3, 0
3, 0
3, 0
3, 0
0, 0x39690
0, 0x3b8a0
0, 0x39710
0, 0x3b920
0, 0x39790
0, 0x3b9a0
0, 0x39810
0, 0x3ba20
0, 0x39890
0, 0x3baa0
0, 0x39910
0, 0x3bb20
0, 0x39990
0, 0x3bba0
0, 0x39a10
0, 0x3bc20
1, 0x3b820
0, 0x39690
0, 0x3b8a0
2, 2
3, 0
3, 0
3, 0
3, 0
3, 0
3, 0
3, 0
3, 0
3, 0
3, 0
3, 0
3, 0
3, 0
3, 0
3, 0
3, 0
1, 0x3b8a0
0, 0x39710
0, 0x3b920
2, 2
3, 0
3, 0
3, 0
3, 0
3, 0
3, 0
3, 0
3, 0
3, 0
3, 0
3, 0
3, 0
3, 0
3, 0
3, 0
3, 0
1, 0x3b920
0, 0x39790
0, 0x3b9a0
2, 2
3, 0
3, 0
3, 0
3, 0
3, 0
3, 0
3, 0
3, 0
3, 0
3, 0
3, 0
3, 0
3, 0
3, 0
3, 0
3, 0
1, 0x3b9a0
0, 0x39810
0, 0x3ba20
2, 2
3, 0
3, 0
3, 0
3, 0
3, 0
3, 0
3, 0
3, 0
3, 0
3, 0
3, 0
3, 0
3, 0
3, 0
3, 0
3, 0
1, 0x3ba20
0, 0x39890
0, 0x3baa0
2, 2
3, 0
3, 0
3, 0
3, 0
3, 0
3, 0
3, 0
3, 0
3, 0
3, 0
3, 0
3, 0
3, 0
3, 0
3, 0
3, 0
1, 0x3baa0
0, 0x39910
0, 0x3bb20
2, 2
3, 0
3, 0
3, 0
3, 0
3, 0
3, 0
3, 0
3, 0
3, 0
3, 0
3, 0
3, 0
3, 0
3, 0
3, 0
3, 0
1, 0x3bb20
0, 0x39990
0, 0x3bba0
2, 2
3, 0
3, 0
3, 0
3, 0
3, 0
3, 0
3, 0
3, 0
3, 0
3, 0
3, 0
3, 0
3, 0
3, 0
3, 0
3, 0
1, 0x3bba0
0, 0x39a10
0, 0x3bc20
2, 2
3, 0
3, 0
3, 0
3, 0
3, 0
3, 0
3, 0
3, 0
3, 0
3, 0
3, 0
3, 0
3, 0
3, 0
3, 0
3, 0
0, 0x39a90
0, 0x3bca0
0, 0x39b10
0, 0x3bd20
0, 0x39b90
0, 0x3bda0
0, 0x39c10
0, 0x3be20
0, 0x39c90
0, 0x3bea0
0, 0x39d10
0, 0x3bf20
0, 0x39d90
0, 0x3bfa0
0, 0x39e10
0, 0x3c020
1, 0x3bc20
0, 0x39a90
0, 0x3bca0
2, 2
3, 0
3, 0
3, 0
3, 0
3, 0
3, 0
3, 0
3, 0
3, 0
3, 0
3, 0
3, 0
3, 0
3, 0
3, 0
3, 0
1, 0x3bca0
0, 0x39b10
0, 0x3bd20
2, 2
3, 0
3, 0
3, 0
3, 0
3, 0
3, 0
3, 0
3, 0
3, 0
3, 0
3, 0
3, 0
3, 0
3, 0
3, 0
3, 0
1, 0x3bd20
0, 0x39b90
0, 0x3bda0
2, 2
3, 0
3, 0
3, 0
3, 0
3, 0
3, 0
3, 0
3, 0
3, 0
3, 0
3, 0
3, 0
3, 0
3, 0
3, 0
3, 0
1, 0x3bda0
0, 0x39c10
0, 0x3be20
2, 2
3, 0
3, 0
3, 0
3, 0
3, 0
3, 0
3, 0
3, 0
3, 0
3, 0
3, 0
3, 0
3, 0
3, 0
3, 0
3, 0
1, 0x3be20
0, 0x39c90
0, 0x3bea0
2, 2
3, 0
3, 0
3, 0
3, 0
3, 0
3, 0
3, 0
3, 0
3, 0
3, 0
3, 0
3, 0
3, 0
3, 0
3, 0
3, 0
1, 0x3bea0
0, 0x39d10
0, 0x3bf20
2, 2
3, 0
3, 0
3, 0
3, 0
3, 0
3, 0
3, 0
3, 0
3, 0
3, 0
3, 0
3, 0
3, 0
3, 0
3, 0
3, 0
1, 0x3bf20
0, 0x39d90
0, 0x3bfa0
2, 2
3, 0
3, 0
3, 0
3, 0
3, 0
3, 0
3, 0
3, 0
3, 0
3, 0
3, 0
3, 0
3, 0
3, 0
3, 0
3, 0
1, 0x3bfa0
0, 0x39e10
0, 0x3c020
2, 2
3, 0
3, 0
3, 0
3, 0
3, 0
3, 0
3, 0
3, 0
3, 0
3, 0
3, 0
3, 0
3, 0
3, 0
3, 0
3, 0
0, 0x39e90
0, 0x3c0a0
0, 0x39f10
0, 0x3c120
0, 0x39f90
0, 0x3c1a0
0, 0x3a010
0, 0x3c220
0, 0x3a090
0, 0x3c2a0
0, 0x3a110
0, 0x3c320
0, 0x3a190
0, 0x3c3a0
0, 0x3a210
0, 0x3c420
1, 0x3c020
0, 0x39e90
0, 0x3c0a0
2, 2
3, 0
3, 0
3, 0
3, 0
3, 0
3, 0
3, 0
3, 0
3, 0
3, 0
3, 0
3, 0
3, 0
3, 0
3, 0
3, 0
1, 0x3c0a0
0, 0x39f10
0, 0x3c120
2, 2
3, 0
3, 0
3, 0
3, 0
3, 0
3, 0
3, 0
3, 0
3, 0
3, 0
3, 0
3, 0
3, 0
3, 0
3, 0
3, 0
1, 0x3c120
0, 0x39f90
0, 0x3c1a0
2, 2
3, 0
3, 0
3, 0
3, 0
3, 0
3, 0
3, 0
3, 0
3, 0
3, 0
3, 0
3, 0
3, 0
3, 0
3, 0
3, 0
1, 0x3c1a0
0, 0x3a010
0, 0x3c220
2, 2
3, 0
3, 0
3, 0
3, 0
3, 0
3, 0
3, 0
3, 0
3, 0
3, 0
3, 0
3, 0
3, 0
3, 0
3, 0
3, 0
1, 0x3c220
0, 0x3a090
0, 0x3c2a0
2, 2
3, 0
3, 0
3, 0
3, 0
3, 0
3, 0
3, 0
3, 0
3, 0
3, 0
3, 0
3, 0
3, 0
3, 0
3, 0
3, 0
1, 0x3c2a0
0, 0x3a110
0, 0x3c320
2, 2
3, 0
3, 0
3, 0
3, 0
3, 0
3, 0
3, 0
3, 0
3, 0
3, 0
3, 0
3, 0
3, 0
3, 0
3, 0
3, 0
1, 0x3c320
0, 0x3a190
0, 0x3c3a0
2, 2
3, 0
3, 0
3, 0
3, 0
3, 0
3, 0
3, 0
3, 0
3, 0
3, 0
3, 0
3, 0
3, 0
3, 0
3, 0
3, 0
1, 0x3c3a0
0, 0x3a210
0, 0x3c420
2, 2
3, 0
3, 0
3, 0
3, 0
3, 0
3, 0
3, 0
3, 0
3, 0
3, 0
3, 0
3, 0
3, 0
3, 0
3, 0
3, 0
3, 0
3, 0
3, 0
3, 0
0, 0x38290
0, 0x3a4f0
0, 0x38310
0, 0x3a570
0, 0x38390
0, 0x3a5f0
0, 0x38410
0, 0x3a670
0, 0x38490
0, 0x3a6f0
0, 0x38510
0, 0x3a770
0, 0x38590
0, 0x3a7f0
0, 0x38610
0, 0x3a870
1, 0x3c420
0, 0x38290
0, 0x3a4f0
2, 2
3, 0
3, 0
3, 0
3, 0
3, 0
3, 0
3, 0
3, 0
3, 0
3, 0
3, 0
3, 0
3, 0
3, 0
3, 0
3, 0
1, 0x3a4f0
0, 0x38310
0, 0x3a570
2, 2
3, 0
3, 0
3, 0
3, 0
3, 0
3, 0
3, 0
3, 0
3, 0
3, 0
3, 0
3, 0
3, 0
3, 0
3, 0
3, 0
1, 0x3a570
0, 0x38390
0, 0x3a5f0
2, 2
3, 0
3, 0
3, 0
3, 0
3, 0
3, 0
3, 0
3, 0
3, 0
3, 0
3, 0
3, 0
3, 0
3, 0
3, 0
3, 0
1, 0x3a5f0
0, 0x38410
0, 0x3a670
2, 2
3, 0
3, 0
3, 0
3, 0
3, 0
3, 0
3, 0
3, 0
3, 0
3, 0
3, 0
3, 0
3, 0
3, 0
3, 0
3, 0
1, 0x3a670
0, 0x38490
0, 0x3a6f0
2, 2
3, 0
3, 0
3, 0
3, 0
3, 0
3, 0
3, 0
3, 0
3, 0
3, 0
3, 0
3, 0
3, 0
3, 0
3, 0
3, 0
1, 0x3a6f0
0, 0x38510
0, 0x3a770
2, 2
3, 0
3, 0
3, 0
3, 0
3, 0
3, 0
3, 0
3, 0
3, 0
3, 0
3, 0
3, 0
3, 0
3, 0
3, 0
3, 0
1, 0x3a770
0, 0x38590
0, 0x3a7f0
2, 2
3, 0
3, 0
3, 0
3, 0
3, 0
3, 0
3, 0
3, 0
3, 0
3, 0
3, 0
3, 0
3, 0
3, 0
3, 0
3, 0
1, 0x3a7f0
0, 0x38610
0, 0x3a870
2, 2
3, 0
3, 0
3, 0
3, 0
3, 0
3, 0
3, 0
3, 0
3, 0
3, 0
3, 0
3, 0
3, 0
3, 0
3, 0
3, 0
0, 0x38690
0, 0x3a8f0
0, 0x38710
0, 0x3a970
0, 0x38790
0, 0x3a9f0
0, 0x38810
0, 0x3aa70
0, 0x38890
0, 0x3aaf0
0, 0x38910
0, 0x3ab70
0, 0x38990
0, 0x3abf0
0, 0x38a10
0, 0x3ac70
1, 0x3a870
0, 0x38690
0, 0x3a8f0
2, 2
3, 0
3, 0
3, 0
3, 0
3, 0
3, 0
3, 0
3, 0
3, 0
3, 0
3, 0
3, 0
3, 0
3, 0
3, 0
3, 0
1, 0x3a8f0
0, 0x38710
0, 0x3a970
2, 2
3, 0
3, 0
3, 0
3, 0
3, 0
3, 0
3, 0
3, 0
3, 0
3, 0
3, 0
3, 0
3, 0
3, 0
3, 0
3, 0
1, 0x3a970
0, 0x38790
0, 0x3a9f0
2, 2
3, 0
3, 0
3, 0
3, 0
3, 0
3, 0
3, 0
3, 0
3, 0
3, 0
3, 0
3, 0
3, 0
3, 0
3, 0
3, 0
1, 0x3a9f0
0, 0x38810
0, 0x3aa70
2, 2
3, 0
3, 0
3, 0
3, 0
3, 0
3, 0
3, 0
3, 0
3, 0
3, 0
3, 0
3, 0
3, 0
3, 0
3, 0
3, 0
1, 0x3aa70
0, 0x38890
0, 0x3aaf0
2, 2
3, 0
3, 0
3, 0
3, 0
3, 0
3, 0
3, 0
3, 0
3, 0
3, 0
3, 0
3, 0
3, 0
3, 0
3, 0
3, 0
1, 0x3aaf0
0, 0x38910
0, 0x3ab70
2, 2
3, 0
3, 0
3, 0
3, 0
3, 0
3, 0
3, 0
3, 0
3, 0
3, 0
3, 0
3, 0
3, 0
3, 0
3, 0
3, 0
1, 0x3ab70
0, 0x38990
0, 0x3abf0
2, 2
3, 0
3, 0
3, 0
3, 0
3, 0
3, 0
3, 0
3, 0
3, 0
3, 0
3, 0
3, 0
3, 0
3, 0
3, 0
3, 0
1, 0x3abf0
0, 0x38a10
0, 0x3ac70
2, 2
3, 0
3, 0
3, 0
3, 0
3, 0
3, 0
3, 0
3, 0
3, 0
3, 0
3, 0
3, 0
3, 0
3, 0
3, 0
3, 0
0, 0x38a90
0, 0x3acf0
0, 0x38b10
0, 0x3ad70
0, 0x38b90
0, 0x3adf0
0, 0x38c10
0, 0x3ae70
0, 0x38c90
0, 0x3aef0
0, 0x38d10
0, 0x3af70
0, 0x38d90
0, 0x3aff0
0, 0x38e10
0, 0x3b070
1, 0x3ac70
0, 0x38a90
0, 0x3acf0
2, 2
3, 0
3, 0
3, 0
3, 0
3, 0
3, 0
3, 0
3, 0
3, 0
3, 0
3, 0
3, 0
3, 0
3, 0
3, 0
3, 0
1, 0x3acf0
0, 0x38b10
0, 0x3ad70
2, 2
3, 0
3, 0
3, 0
3, 0
3, 0
3, 0
3, 0
3, 0
3, 0
3, 0
3, 0
3, 0
3, 0
3, 0
3, 0
3, 0
1, 0x3ad70
0, 0x38b90
0, 0x3adf0
2, 2
3, 0
3, 0
3, 0
3, 0
3, 0
3, 0
3, 0
3, 0
3, 0
3, 0
3, 0
3, 0
3, 0
3, 0
3, 0
3, 0
1, 0x3adf0
0, 0x38c10
0, 0x3ae70
2, 2
3, 0
3, 0
3, 0
3, 0
3, 0
3, 0
3, 0
3, 0
3, 0
3, 0
3, 0
3, 0
3, 0
3, 0
3, 0
3, 0
1, 0x3ae70
0, 0x38c90
0, 0x3aef0
2, 2
3, 0
3, 0
3, 0
3, 0
3, 0
3, 0
3, 0
3, 0
3, 0
3, 0
3, 0
3, 0
3, 0
3, 0
3, 0
3, 0
1, 0x3aef0
0, 0x38d10
0, 0x3af70
2, 2
3, 0
3, 0
3, 0
3, 0
3, 0
3, 0
3, 0
3, 0
3, 0
3, 0
3, 0
3, 0
3, 0
3, 0
3, 0
3, 0
1, 0x3af70
0, 0x38d90
0, 0x3aff0
2, 2
3, 0
3, 0
3, 0
3, 0
3, 0
3, 0
3, 0
3, 0
3, 0
3, 0
3, 0
3, 0
3, 0
3, 0
3, 0
3, 0
1, 0x3aff0
0, 0x38e10
0, 0x3b070
2, 2
3, 0
3, 0
3, 0
3, 0
3, 0
3, 0
3, 0
3, 0
3, 0
3, 0
3, 0
3, 0
3, 0
3, 0
3, 0
3, 0
0, 0x38e90
0, 0x3b0f0
0, 0x38f10
0, 0x3b170
0, 0x38f90
0, 0x3b1f0
0, 0x39010
0, 0x3b270
0, 0x39090
0, 0x3b2f0
0, 0x39110
0, 0x3b370
0, 0x39190
0, 0x3b3f0
0, 0x39210
0, 0x3b470
1, 0x3b070
0, 0x38e90
0, 0x3b0f0
2, 2
3, 0
3, 0
3, 0
3, 0
3, 0
3, 0
3, 0
3, 0
3, 0
3, 0
3, 0
3, 0
3, 0
3, 0
3, 0
3, 0
1, 0x3b0f0
0, 0x38f10
0, 0x3b170
2, 2
3, 0
3, 0
3, 0
3, 0
3, 0
3, 0
3, 0
3, 0
3, 0
3, 0
3, 0
3, 0
3, 0
3, 0
3, 0
3, 0
1, 0x3b170
0, 0x38f90
0, 0x3b1f0
2, 2
3, 0
3, 0
3, 0
3, 0
3, 0
3, 0
3, 0
3, 0
3, 0
3, 0
3, 0
3, 0
3, 0
3, 0
3, 0
3, 0
1, 0x3b1f0
0, 0x39010
0, 0x3b270
2, 2
3, 0
3, 0
3, 0
3, 0
3, 0
3, 0
3, 0
3, 0
3, 0
3, 0
3, 0
3, 0
3, 0
3, 0
3, 0
3, 0
1, 0x3b270
0, 0x39090
0, 0x3b2f0
2, 2
3, 0
3, 0
3, 0
3, 0
3, 0
3, 0
3, 0
3, 0
3, 0
3, 0
3, 0
3, 0
3, 0
3, 0
3, 0
3, 0
1, 0x3b2f0
0, 0x39110
0, 0x3b370
2, 2
3, 0
3, 0
3, 0
3, 0
3, 0
3, 0
3, 0
3, 0
3, 0
3, 0
3, 0
3, 0
3, 0
3, 0
3, 0
3, 0
1, 0x3b370
0, 0x39190
0, 0x3b3f0
2, 2
3, 0
3, 0
3, 0
3, 0
3, 0
3, 0
3, 0
3, 0
3, 0
3, 0
3, 0
3, 0
3, 0
3, 0
3, 0
3, 0
1, 0x3b3f0
0, 0x39210
0, 0x3b470
2, 2
3, 0
3, 0
3, 0
3, 0
3, 0
3, 0
3, 0
3, 0
3, 0
3, 0
3, 0
3, 0
3, 0
3, 0
3, 0
3, 0
0, 0x39290
0, 0x3b4f0
0, 0x39310
0, 0x3b570
0, 0x39390
0, 0x3b5f0
0, 0x39410
0, 0x3b670
0, 0x39490
0, 0x3b6f0
0, 0x39510
0, 0x3b770
0, 0x39590
0, 0x3b7f0
0, 0x39610
0, 0x3b870
1, 0x3b470
0, 0x39290
0, 0x3b4f0
2, 2
3, 0
3, 0
3, 0
3, 0
3, 0
3, 0
3, 0
3, 0
3, 0
3, 0
3, 0
3, 0
3, 0
3, 0
3, 0
3, 0
1, 0x3b4f0
0, 0x39310
0, 0x3b570
2, 2
3, 0
3, 0
3, 0
3, 0
3, 0
3, 0
3, 0
3, 0
3, 0
3, 0
3, 0
3, 0
3, 0
3, 0
3, 0
3, 0
1, 0x3b570
0, 0x39390
0, 0x3b5f0
2, 2
3, 0
3, 0
3, 0
3, 0
3, 0
3, 0
3, 0
3, 0
3, 0
3, 0
3, 0
3, 0
3, 0
3, 0
3, 0
3, 0
1, 0x3b5f0
0, 0x39410
0, 0x3b670
2, 2
3, 0
3, 0
3, 0
3, 0
3, 0
3, 0
3, 0
3, 0
3, 0
3, 0
3, 0
3, 0
3, 0
3, 0
3, 0
3, 0
1, 0x3b670
0, 0x39490
0, 0x3b6f0
2, 2
3, 0
3, 0
3, 0
3, 0
3, 0
3, 0
3, 0
3, 0
3, 0
3, 0
3, 0
3, 0
3, 0
3, 0
3, 0
3, 0
1, 0x3b6f0
0, 0x39510
0, 0x3b770
2, 2
3, 0
3, 0
3, 0
3, 0
3, 0
3, 0
3, 0
3, 0
3, 0
3, 0
3, 0
3, 0
3, 0
3, 0
3, 0
3, 0
1, 0x3b770
0, 0x39590
0, 0x3b7f0
2, 2
3, 0
3, 0
3, 0
3, 0
3, 0
3, 0
3, 0
3, 0
3, 0
3, 0
3, 0
3, 0
3, 0
3, 0
3, 0
3, 0
1, 0x3b7f0
0, 0x39610
0, 0x3b870
2, 2
3, 0
3, 0
3, 0
3, 0
3, 0
3, 0
3, 0
3, 0
3, 0
3, 0
3, 0
3, 0
3, 0
3, 0
3, 0
3, 0
0, 0x39690
0, 0x3b8f0
0, 0x39710
0, 0x3b970
0, 0x39790
0, 0x3b9f0
0, 0x39810
0, 0x3ba70
0, 0x39890
0, 0x3baf0
0, 0x39910
0, 0x3bb70
0, 0x39990
0, 0x3bbf0
0, 0x39a10
0, 0x3bc70
1, 0x3b870
0, 0x39690
0, 0x3b8f0
2, 2
3, 0
3, 0
3, 0
3, 0
3, 0
3, 0
3, 0
3, 0
3, 0
3, 0
3, 0
3, 0
3, 0
3, 0
3, 0
3, 0
1, 0x3b8f0
0, 0x39710
0, 0x3b970
2, 2
3, 0
3, 0
3, 0
3, 0
3, 0
3, 0
3, 0
3, 0
3, 0
3, 0
3, 0
3, 0
3, 0
3, 0
3, 0
3, 0
1, 0x3b970
0, 0x39790
0, 0x3b9f0
2, 2
3, 0
3, 0
3, 0
3, 0
3, 0
3, 0
3, 0
3, 0
3, 0
3, 0
3, 0
3, 0
3, 0
3, 0
3, 0
3, 0
1, 0x3b9f0
0, 0x39810
0, 0x3ba70
2, 2
3, 0
3, 0
3, 0
3, 0
3, 0
3, 0
3, 0
3, 0
3, 0
3, 0
3, 0
3, 0
3, 0
3, 0
3, 0
3, 0
1, 0x3ba70
0, 0x39890
0, 0x3baf0
2, 2
3, 0
3, 0
3, 0
3, 0
3, 0
3, 0
3, 0
3, 0
3, 0
3, 0
3, 0
3, 0
3, 0
3, 0
3, 0
3, 0
1, 0x3baf0
0, 0x39910
0, 0x3bb70
2, 2
3, 0
3, 0
3, 0
3, 0
3, 0
3, 0
3, 0
3, 0
3, 0
3, 0
3, 0
3, 0
3, 0
3, 0
3, 0
3, 0
1, 0x3bb70
0, 0x39990
0, 0x3bbf0
2, 2
3, 0
3, 0
3, 0
3, 0
3, 0
3, 0
3, 0
3, 0
3, 0
3, 0
3, 0
3, 0
3, 0
3, 0
3, 0
3, 0
1, 0x3bbf0
0, 0x39a10
0, 0x3bc70
2, 2
3, 0
3, 0
3, 0
3, 0
3, 0
3, 0
3, 0
3, 0
3, 0
3, 0
3, 0
3, 0
3, 0
3, 0
3, 0
3, 0
0, 0x39a90
0, 0x3bcf0
0, 0x39b10
0, 0x3bd70
0, 0x39b90
0, 0x3bdf0
0, 0x39c10
0, 0x3be70
0, 0x39c90
0, 0x3bef0
0, 0x39d10
0, 0x3bf70
0, 0x39d90
0, 0x3bff0
0, 0x39e10
0, 0x3c070
1, 0x3bc70
0, 0x39a90
0, 0x3bcf0
2, 2
3, 0
3, 0
3, 0
3, 0
3, 0
3, 0
3, 0
3, 0
3, 0
3, 0
3, 0
3, 0
3, 0
3, 0
3, 0
3, 0
1, 0x3bcf0
0, 0x39b10
0, 0x3bd70
2, 2
3, 0
3, 0
3, 0
3, 0
3, 0
3, 0
3, 0
3, 0
3, 0
3, 0
3, 0
3, 0
3, 0
3, 0
3, 0
3, 0
1, 0x3bd70
0, 0x39b90
0, 0x3bdf0
2, 2
3, 0
3, 0
3, 0
3, 0
3, 0
3, 0
3, 0
3, 0
3, 0
3, 0
3, 0
3, 0
3, 0
3, 0
3, 0
3, 0
1, 0x3bdf0
0, 0x39c10
0, 0x3be70
2, 2
3, 0
3, 0
3, 0
3, 0
3, 0
3, 0
3, 0
3, 0
3, 0
3, 0
3, 0
3, 0
3, 0
3, 0
3, 0
3, 0
1, 0x3be70
0, 0x39c90
0, 0x3bef0
2, 2
3, 0
3, 0
3, 0
3, 0
3, 0
3, 0
3, 0
3, 0
3, 0
3, 0
3, 0
3, 0
3, 0
3, 0
3, 0
3, 0
1, 0x3bef0
0, 0x39d10
0, 0x3bf70
2, 2
3, 0
3, 0
3, 0
3, 0
3, 0
3, 0
3, 0
3, 0
3, 0
3, 0
3, 0
3, 0
3, 0
3, 0
3, 0
3, 0
1, 0x3bf70
0, 0x39d90
0, 0x3bff0
2, 2
3, 0
3, 0
3, 0
3, 0
3, 0
3, 0
3, 0
3, 0
3, 0
3, 0
3, 0
3, 0
3, 0
3, 0
3, 0
3, 0
1, 0x3bff0
0, 0x39e10
0, 0x3c070
2, 2
3, 0
3, 0
3, 0
3, 0
3, 0
3, 0
3, 0
3, 0
3, 0
3, 0
3, 0
3, 0
3, 0
3, 0
3, 0
3, 0
0, 0x39e90
0, 0x3c0f0
0, 0x39f10
0, 0x3c170
0, 0x39f90
0, 0x3c1f0
0, 0x3a010
0, 0x3c270
0, 0x3a090
0, 0x3c2f0
0, 0x3a110
0, 0x3c370
0, 0x3a190
0, 0x3c3f0
0, 0x3a210
0, 0x3c470
1, 0x3c070
0, 0x39e90
0, 0x3c0f0
2, 2
3, 0
3, 0
3, 0
3, 0
3, 0
3, 0
3, 0
3, 0
3, 0
3, 0
3, 0
3, 0
3, 0
3, 0
3, 0
3, 0
1, 0x3c0f0
0, 0x39f10
0, 0x3c170
2, 2
3, 0
3, 0
3, 0
3, 0
3, 0
3, 0
3, 0
3, 0
3, 0
3, 0
3, 0
3, 0
3, 0
3, 0
3, 0
3, 0
1, 0x3c170
0, 0x39f90
0, 0x3c1f0
2, 2
3, 0
3, 0
3, 0
3, 0
3, 0
3, 0
3, 0
3, 0
3, 0
3, 0
3, 0
3, 0
3, 0
3, 0
3, 0
3, 0
1, 0x3c1f0
0, 0x3a010
0, 0x3c270
2, 2
3, 0
3, 0
3, 0
3, 0
3, 0
3, 0
3, 0
3, 0
3, 0
3, 0
3, 0
3, 0
3, 0
3, 0
3, 0
3, 0
1, 0x3c270
0, 0x3a090
0, 0x3c2f0
2, 2
3, 0
3, 0
3, 0
3, 0
3, 0
3, 0
3, 0
3, 0
3, 0
3, 0
3, 0
3, 0
3, 0
3, 0
3, 0
3, 0
1, 0x3c2f0
0, 0x3a110
0, 0x3c370
2, 2
3, 0
3, 0
3, 0
3, 0
3, 0
3, 0
3, 0
3, 0
3, 0
3, 0
3, 0
3, 0
3, 0
3, 0
3, 0
3, 0
1, 0x3c370
0, 0x3a190
0, 0x3c3f0
2, 2
3, 0
3, 0
3, 0
3, 0
3, 0
3, 0
3, 0
3, 0
3, 0
3, 0
3, 0
3, 0
3, 0
3, 0
3, 0
3, 0
1, 0x3c3f0
0, 0x3a210
0, 0x3c470
2, 2
3, 0
3, 0
3, 0
3, 0
3, 0
3, 0
3, 0
3, 0
3, 0
3, 0
3, 0
3, 0
3, 0
3, 0
3, 0
3, 0
3, 0
3, 0
3, 0
3, 0
0, 0x38290
0, 0x3a540
0, 0x38310
0, 0x3a5c0
0, 0x38390
0, 0x3a640
0, 0x38410
0, 0x3a6c0
0, 0x38490
0, 0x3a740
0, 0x38510
0, 0x3a7c0
0, 0x38590
0, 0x3a840
0, 0x38610
0, 0x3a8c0
1, 0x3c470
0, 0x38290
0, 0x3a540
2, 2
3, 0
3, 0
3, 0
3, 0
3, 0
3, 0
3, 0
3, 0
3, 0
3, 0
3, 0
3, 0
3, 0
3, 0
3, 0
3, 0
1, 0x3a540
0, 0x38310
0, 0x3a5c0
2, 2
3, 0
3, 0
3, 0
3, 0
3, 0
3, 0
3, 0
3, 0
3, 0
3, 0
3, 0
3, 0
3, 0
3, 0
3, 0
3, 0
1, 0x3a5c0
0, 0x38390
0, 0x3a640
2, 2
3, 0
3, 0
3, 0
3, 0
3, 0
3, 0
3, 0
3, 0
3, 0
3, 0
3, 0
3, 0
3, 0
3, 0
3, 0
3, 0
1, 0x3a640
0, 0x38410
0, 0x3a6c0
2, 2
3, 0
3, 0
3, 0
3, 0
3, 0
3, 0
3, 0
3, 0
3, 0
3, 0
3, 0
3, 0
3, 0
3, 0
3, 0
3, 0
1, 0x3a6c0
0, 0x38490
0, 0x3a740
2, 2
3, 0
3, 0
3, 0
3, 0
3, 0
3, 0
3, 0
3, 0
3, 0
3, 0
3, 0
3, 0
3, 0
3, 0
3, 0
3, 0
1, 0x3a740
0, 0x38510
0, 0x3a7c0
2, 2
3, 0
3, 0
3, 0
3, 0
3, 0
3, 0
3, 0
3, 0
3, 0
3, 0
3, 0
3, 0
3, 0
3, 0
3, 0
3, 0
1, 0x3a7c0
0, 0x38590
0, 0x3a840
2, 2
3, 0
3, 0
3, 0
3, 0
3, 0
3, 0
3, 0
3, 0
3, 0
3, 0
3, 0
3, 0
3, 0
3, 0
3, 0
3, 0
1, 0x3a840
0, 0x38610
0, 0x3a8c0
2, 2
3, 0
3, 0
3, 0
3, 0
3, 0
3, 0
3, 0
3, 0
3, 0
3, 0
3, 0
3, 0
3, 0
3, 0
3, 0
3, 0
0, 0x38690
0, 0x3a940
0, 0x38710
0, 0x3a9c0
0, 0x38790
0, 0x3aa40
0, 0x38810
0, 0x3aac0
0, 0x38890
0, 0x3ab40
0, 0x38910
0, 0x3abc0
0, 0x38990
0, 0x3ac40
0, 0x38a10
0, 0x3acc0
1, 0x3a8c0
0, 0x38690
0, 0x3a940
2, 2
3, 0
3, 0
3, 0
3, 0
3, 0
3, 0
3, 0
3, 0
3, 0
3, 0
3, 0
3, 0
3, 0
3, 0
3, 0
3, 0
1, 0x3a940
0, 0x38710
0, 0x3a9c0
2, 2
3, 0
3, 0
3, 0
3, 0
3, 0
3, 0
3, 0
3, 0
3, 0
3, 0
3, 0
3, 0
3, 0
3, 0
3, 0
3, 0
1, 0x3a9c0
0, 0x38790
0, 0x3aa40
2, 2
3, 0
3, 0
3, 0
3, 0
3, 0
3, 0
3, 0
3, 0
3, 0
3, 0
3, 0
3, 0
3, 0
3, 0
3, 0
3, 0
1, 0x3aa40
0, 0x38810
0, 0x3aac0
2, 2
3, 0
3, 0
3, 0
3, 0
3, 0
3, 0
3, 0
3, 0
3, 0
3, 0
3, 0
3, 0
3, 0
3, 0
3, 0
3, 0
1, 0x3aac0
0, 0x38890
0, 0x3ab40
2, 2
3, 0
3, 0
3, 0
3, 0
3, 0
3, 0
3, 0
3, 0
3, 0
3, 0
3, 0
3, 0
3, 0
3, 0
3, 0
3, 0
1, 0x3ab40
0, 0x38910
0, 0x3abc0
2, 2
3, 0
3, 0
3, 0
3, 0
3, 0
3, 0
3, 0
3, 0
3, 0
3, 0
3, 0
3, 0
3, 0
3, 0
3, 0
3, 0
1, 0x3abc0
0, 0x38990
0, 0x3ac40
2, 2
3, 0
3, 0
3, 0
3, 0
3, 0
3, 0
3, 0
3, 0
3, 0
3, 0
3, 0
3, 0
3, 0
3, 0
3, 0
3, 0
1, 0x3ac40
0, 0x38a10
0, 0x3acc0
2, 2
3, 0
3, 0
3, 0
3, 0
3, 0
3, 0
3, 0
3, 0
3, 0
3, 0
3, 0
3, 0
3, 0
3, 0
3, 0
3, 0
0, 0x38a90
0, 0x3ad40
0, 0x38b10
0, 0x3adc0
0, 0x38b90
0, 0x3ae40
0, 0x38c10
0, 0x3aec0
0, 0x38c90
0, 0x3af40
0, 0x38d10
0, 0x3afc0
0, 0x38d90
0, 0x3b040
0, 0x38e10
0, 0x3b0c0
1, 0x3acc0
0, 0x38a90
0, 0x3ad40
2, 2
3, 0
3, 0
3, 0
3, 0
3, 0
3, 0
3, 0
3, 0
3, 0
3, 0
3, 0
3, 0
3, 0
3, 0
3, 0
3, 0
1, 0x3ad40
0, 0x38b10
0, 0x3adc0
2, 2
3, 0
3, 0
3, 0
3, 0
3, 0
3, 0
3, 0
3, 0
3, 0
3, 0
3, 0
3, 0
3, 0
3, 0
3, 0
3, 0
1, 0x3adc0
0, 0x38b90
0, 0x3ae40
2, 2
3, 0
3, 0
3, 0
3, 0
3, 0
3, 0
3, 0
3, 0
3, 0
3, 0
3, 0
3, 0
3, 0
3, 0
3, 0
3, 0
1, 0x3ae40
0, 0x38c10
0, 0x3aec0
2, 2
3, 0
3, 0
3, 0
3, 0
3, 0
3, 0
3, 0
3, 0
3, 0
3, 0
3, 0
3, 0
3, 0
3, 0
3, 0
3, 0
1, 0x3aec0
0, 0x38c90
0, 0x3af40
2, 2
3, 0
3, 0
3, 0
3, 0
3, 0
3, 0
3, 0
3, 0
3, 0
3, 0
3, 0
3, 0
3, 0
3, 0
3, 0
3, 0
1, 0x3af40
0, 0x38d10
0, 0x3afc0
2, 2
3, 0
3, 0
3, 0
3, 0
3, 0
3, 0
3, 0
3, 0
3, 0
3, 0
3, 0
3, 0
3, 0
3, 0
3, 0
3, 0
1, 0x3afc0
0, 0x38d90
0, 0x3b040
2, 2
3, 0
3, 0
3, 0
3, 0
3, 0
3, 0
3, 0
3, 0
3, 0
3, 0
3, 0
3, 0
3, 0
3, 0
3, 0
3, 0
1, 0x3b040
0, 0x38e10
0, 0x3b0c0
2, 2
3, 0
3, 0
3, 0
3, 0
3, 0
3, 0
3, 0
3, 0
3, 0
3, 0
3, 0
3, 0
3, 0
3, 0
3, 0
3, 0
0, 0x38e90
0, 0x3b140
0, 0x38f10
0, 0x3b1c0
0, 0x38f90
0, 0x3b240
0, 0x39010
0, 0x3b2c0
0, 0x39090
0, 0x3b340
0, 0x39110
0, 0x3b3c0
0, 0x39190
0, 0x3b440
0, 0x39210
0, 0x3b4c0
1, 0x3b0c0
0, 0x38e90
0, 0x3b140
2, 2
3, 0
3, 0
3, 0
3, 0
3, 0
3, 0
3, 0
3, 0
3, 0
3, 0
3, 0
3, 0
3, 0
3, 0
3, 0
3, 0
1, 0x3b140
0, 0x38f10
0, 0x3b1c0
2, 2
3, 0
3, 0
3, 0
3, 0
3, 0
3, 0
3, 0
3, 0
3, 0
3, 0
3, 0
3, 0
3, 0
3, 0
3, 0
3, 0
1, 0x3b1c0
0, 0x38f90
0, 0x3b240
2, 2
3, 0
3, 0
3, 0
3, 0
3, 0
3, 0
3, 0
3, 0
3, 0
3, 0
3, 0
3, 0
3, 0
3, 0
3, 0
3, 0
1, 0x3b240
0, 0x39010
0, 0x3b2c0
2, 2
3, 0
3, 0
3, 0
3, 0
3, 0
3, 0
3, 0
3, 0
3, 0
3, 0
3, 0
3, 0
3, 0
3, 0
3, 0
3, 0
1, 0x3b2c0
0, 0x39090
0, 0x3b340
2, 2
3, 0
3, 0
3, 0
3, 0
3, 0
3, 0
3, 0
3, 0
3, 0
3, 0
3, 0
3, 0
3, 0
3, 0
3, 0
3, 0
1, 0x3b340
0, 0x39110
0, 0x3b3c0
2, 2
3, 0
3, 0
3, 0
3, 0
3, 0
3, 0
3, 0
3, 0
3, 0
3, 0
3, 0
3, 0
3, 0
3, 0
3, 0
3, 0
1, 0x3b3c0
0, 0x39190
0, 0x3b440
2, 2
3, 0
3, 0
3, 0
3, 0
3, 0
3, 0
3, 0
3, 0
3, 0
3, 0
3, 0
3, 0
3, 0
3, 0
3, 0
3, 0
1, 0x3b440
0, 0x39210
0, 0x3b4c0
2, 2
3, 0
3, 0
3, 0
3, 0
3, 0
3, 0
3, 0
3, 0
3, 0
3, 0
3, 0
3, 0
3, 0
3, 0
3, 0
3, 0
0, 0x39290
0, 0x3b540
0, 0x39310
0, 0x3b5c0
0, 0x39390
0, 0x3b640
0, 0x39410
0, 0x3b6c0
0, 0x39490
0, 0x3b740
0, 0x39510
0, 0x3b7c0
0, 0x39590
0, 0x3b840
0, 0x39610
0, 0x3b8c0
1, 0x3b4c0
0, 0x39290
0, 0x3b540
2, 2
3, 0
3, 0
3, 0
3, 0
3, 0
3, 0
3, 0
3, 0
3, 0
3, 0
3, 0
3, 0
3, 0
3, 0
3, 0
3, 0
1, 0x3b540
0, 0x39310
0, 0x3b5c0
2, 2
3, 0
3, 0
3, 0
3, 0
3, 0
3, 0
3, 0
3, 0
3, 0
3, 0
3, 0
3, 0
3, 0
3, 0
3, 0
3, 0
1, 0x3b5c0
0, 0x39390
0, 0x3b640
2, 2
3, 0
3, 0
3, 0
3, 0
3, 0
3, 0
3, 0
3, 0
3, 0
3, 0
3, 0
3, 0
3, 0
3, 0
3, 0
3, 0
1, 0x3b640
0, 0x39410
0, 0x3b6c0
2, 2
3, 0
3, 0
3, 0
3, 0
3, 0
3, 0
3, 0
3, 0
3, 0
3, 0
3, 0
3, 0
3, 0
3, 0
3, 0
3, 0
1, 0x3b6c0
0, 0x39490
0, 0x3b740
2, 2
3, 0
3, 0
3, 0
3, 0
3, 0
3, 0
3, 0
3, 0
3, 0
3, 0
3, 0
3, 0
3, 0
3, 0
3, 0
3, 0
1, 0x3b740
0, 0x39510
0, 0x3b7c0
2, 2
3, 0
3, 0
3, 0
3, 0
3, 0
3, 0
3, 0
3, 0
3, 0
3, 0
3, 0
3, 0
3, 0
3, 0
3, 0
3, 0
1, 0x3b7c0
0, 0x39590
0, 0x3b840
2, 2
3, 0
3, 0
3, 0
3, 0
3, 0
3, 0
3, 0
3, 0
3, 0
3, 0
3, 0
3, 0
3, 0
3, 0
3, 0
3, 0
1, 0x3b840
0, 0x39610
0, 0x3b8c0
2, 2
3, 0
3, 0
3, 0
3, 0
3, 0
3, 0
3, 0
3, 0
3, 0
3, 0
3, 0
3, 0
3, 0
3, 0
3, 0
3, 0
0, 0x39690
0, 0x3b940
0, 0x39710
0, 0x3b9c0
0, 0x39790
0, 0x3ba40
0, 0x39810
0, 0x3bac0
0, 0x39890
0, 0x3bb40
0, 0x39910
0, 0x3bbc0
0, 0x39990
0, 0x3bc40
0, 0x39a10
0, 0x3bcc0
1, 0x3b8c0
0, 0x39690
0, 0x3b940
2, 2
3, 0
3, 0
3, 0
3, 0
3, 0
3, 0
3, 0
3, 0
3, 0
3, 0
3, 0
3, 0
3, 0
3, 0
3, 0
3, 0
1, 0x3b940
0, 0x39710
0, 0x3b9c0
2, 2
3, 0
3, 0
3, 0
3, 0
3, 0
3, 0
3, 0
3, 0
3, 0
3, 0
3, 0
3, 0
3, 0
3, 0
3, 0
3, 0
1, 0x3b9c0
0, 0x39790
0, 0x3ba40
2, 2
3, 0
3, 0
3, 0
3, 0
3, 0
3, 0
3, 0
3, 0
3, 0
3, 0
3, 0
3, 0
3, 0
3, 0
3, 0
3, 0
1, 0x3ba40
0, 0x39810
0, 0x3bac0
2, 2
3, 0
3, 0
3, 0
3, 0
3, 0
3, 0
3, 0
3, 0
3, 0
3, 0
3, 0
3, 0
3, 0
3, 0
3, 0
3, 0
1, 0x3bac0
0, 0x39890
0, 0x3bb40
2, 2
3, 0
3, 0
3, 0
3, 0
3, 0
3, 0
3, 0
3, 0
3, 0
3, 0
3, 0
3, 0
3, 0
3, 0
3, 0
3, 0
1, 0x3bb40
0, 0x39910
0, 0x3bbc0
2, 2
3, 0
3, 0
3, 0
3, 0
3, 0
3, 0
3, 0
3, 0
3, 0
3, 0
3, 0
3, 0
3, 0
3, 0
3, 0
3, 0
1, 0x3bbc0
0, 0x39990
0, 0x3bc40
2, 2
3, 0
3, 0
3, 0
3, 0
3, 0
3, 0
3, 0
3, 0
3, 0
3, 0
3, 0
3, 0
3, 0
3, 0
3, 0
3, 0
1, 0x3bc40
0, 0x39a10
0, 0x3bcc0
2, 2
3, 0
3, 0
3, 0
3, 0
3, 0
3, 0
3, 0
3, 0
3, 0
3, 0
3, 0
3, 0
3, 0
3, 0
3, 0
3, 0
0, 0x39a90
0, 0x3bd40
0, 0x39b10
0, 0x3bdc0
0, 0x39b90
0, 0x3be40
0, 0x39c10
0, 0x3bec0
0, 0x39c90
0, 0x3bf40
0, 0x39d10
0, 0x3bfc0
0, 0x39d90
0, 0x3c040
0, 0x39e10
0, 0x3c0c0
1, 0x3bcc0
0, 0x39a90
0, 0x3bd40
2, 2
3, 0
3, 0
3, 0
3, 0
3, 0
3, 0
3, 0
3, 0
3, 0
3, 0
3, 0
3, 0
3, 0
3, 0
3, 0
3, 0
1, 0x3bd40
0, 0x39b10
0, 0x3bdc0
2, 2
3, 0
3, 0
3, 0
3, 0
3, 0
3, 0
3, 0
3, 0
3, 0
3, 0
3, 0
3, 0
3, 0
3, 0
3, 0
3, 0
1, 0x3bdc0
0, 0x39b90
0, 0x3be40
2, 2
3, 0
3, 0
3, 0
3, 0
3, 0
3, 0
3, 0
3, 0
3, 0
3, 0
3, 0
3, 0
3, 0
3, 0
3, 0
3, 0
1, 0x3be40
0, 0x39c10
0, 0x3bec0
2, 2
3, 0
3, 0
3, 0
3, 0
3, 0
3, 0
3, 0
3, 0
3, 0
3, 0
3, 0
3, 0
3, 0
3, 0
3, 0
3, 0
1, 0x3bec0
0, 0x39c90
0, 0x3bf40
2, 2
3, 0
3, 0
3, 0
3, 0
3, 0
3, 0
3, 0
3, 0
3, 0
3, 0
3, 0
3, 0
3, 0
3, 0
3, 0
3, 0
1, 0x3bf40
0, 0x39d10
0, 0x3bfc0
2, 2
3, 0
3, 0
3, 0
3, 0
3, 0
3, 0
3, 0
3, 0
3, 0
3, 0
3, 0
3, 0
3, 0
3, 0
3, 0
3, 0
1, 0x3bfc0
0, 0x39d90
0, 0x3c040
2, 2
3, 0
3, 0
3, 0
3, 0
3, 0
3, 0
3, 0
3, 0
3, 0
3, 0
3, 0
3, 0
3, 0
3, 0
3, 0
3, 0
1, 0x3c040
0, 0x39e10
0, 0x3c0c0
2, 2
3, 0
3, 0
3, 0
3, 0
3, 0
3, 0
3, 0
3, 0
3, 0
3, 0
3, 0
3, 0
3, 0
3, 0
3, 0
3, 0
0, 0x39e90
0, 0x3c140
0, 0x39f10
0, 0x3c1c0
0, 0x39f90
0, 0x3c240
0, 0x3a010
0, 0x3c2c0
0, 0x3a090
0, 0x3c340
0, 0x3a110
0, 0x3c3c0
0, 0x3a190
0, 0x3c440
0, 0x3a210
0, 0x3c4c0
1, 0x3c0c0
0, 0x39e90
0, 0x3c140
2, 2
3, 0
3, 0
3, 0
3, 0
3, 0
3, 0
3, 0
3, 0
3, 0
3, 0
3, 0
3, 0
3, 0
3, 0
3, 0
3, 0
1, 0x3c140
0, 0x39f10
0, 0x3c1c0
2, 2
3, 0
3, 0
3, 0
3, 0
3, 0
3, 0
3, 0
3, 0
3, 0
3, 0
3, 0
3, 0
3, 0
3, 0
3, 0
3, 0
1, 0x3c1c0
0, 0x39f90
0, 0x3c240
2, 2
3, 0
3, 0
3, 0
3, 0
3, 0
3, 0
3, 0
3, 0
3, 0
3, 0
3, 0
3, 0
3, 0
3, 0
3, 0
3, 0
1, 0x3c240
0, 0x3a010
0, 0x3c2c0
2, 2
3, 0
3, 0
3, 0
3, 0
3, 0
3, 0
3, 0
3, 0
3, 0
3, 0
3, 0
3, 0
3, 0
3, 0
3, 0
3, 0
1, 0x3c2c0
0, 0x3a090
0, 0x3c340
2, 2
3, 0
3, 0
3, 0
3, 0
3, 0
3, 0
3, 0
3, 0
3, 0
3, 0
3, 0
3, 0
3, 0
3, 0
3, 0
3, 0
1, 0x3c340
0, 0x3a110
0, 0x3c3c0
2, 2
3, 0
3, 0
3, 0
3, 0
3, 0
3, 0
3, 0
3, 0
3, 0
3, 0
3, 0
3, 0
3, 0
3, 0
3, 0
3, 0
1, 0x3c3c0
0, 0x3a190
0, 0x3c440
2, 2
3, 0
3, 0
3, 0
3, 0
3, 0
3, 0
3, 0
3, 0
3, 0
3, 0
3, 0
3, 0
3, 0
3, 0
3, 0
3, 0
1, 0x3c440
0, 0x3a210
0, 0x3c4c0
2, 2
3, 0
3, 0
3, 0
3, 0
3, 0
3, 0
3, 0
3, 0
3, 0
3, 0
3, 0
3, 0
3, 0
3, 0
3, 0
3, 0
3, 0
3, 0
3, 0
3, 0
0, 0x38290
0, 0x3a590
0, 0x38310
0, 0x3a610
0, 0x38390
0, 0x3a690
0, 0x38410
0, 0x3a710
0, 0x38490
0, 0x3a790
0, 0x38510
0, 0x3a810
0, 0x38590
0, 0x3a890
0, 0x38610
0, 0x3a910
1, 0x3c4c0
0, 0x38290
0, 0x3a590
2, 2
3, 0
3, 0
3, 0
3, 0
3, 0
3, 0
3, 0
3, 0
3, 0
3, 0
3, 0
3, 0
3, 0
3, 0
3, 0
3, 0
1, 0x3a590
0, 0x38310
0, 0x3a610
2, 2
3, 0
3, 0
3, 0
3, 0
3, 0
3, 0
3, 0
3, 0
3, 0
3, 0
3, 0
3, 0
3, 0
3, 0
3, 0
3, 0
1, 0x3a610
0, 0x38390
0, 0x3a690
2, 2
3, 0
3, 0
3, 0
3, 0
3, 0
3, 0
3, 0
3, 0
3, 0
3, 0
3, 0
3, 0
3, 0
3, 0
3, 0
3, 0
1, 0x3a690
0, 0x38410
0, 0x3a710
2, 2
3, 0
3, 0
3, 0
3, 0
3, 0
3, 0
3, 0
3, 0
3, 0
3, 0
3, 0
3, 0
3, 0
3, 0
3, 0
3, 0
1, 0x3a710
0, 0x38490
0, 0x3a790
2, 2
3, 0
3, 0
3, 0
3, 0
3, 0
3, 0
3, 0
3, 0
3, 0
3, 0
3, 0
3, 0
3, 0
3, 0
3, 0
3, 0
1, 0x3a790
0, 0x38510
0, 0x3a810
2, 2
3, 0
3, 0
3, 0
3, 0
3, 0
3, 0
3, 0
3, 0
3, 0
3, 0
3, 0
3, 0
3, 0
3, 0
3, 0
3, 0
1, 0x3a810
0, 0x38590
0, 0x3a890
2, 2
3, 0
3, 0
3, 0
3, 0
3, 0
3, 0
3, 0
3, 0
3, 0
3, 0
3, 0
3, 0
3, 0
3, 0
3, 0
3, 0
1, 0x3a890
0, 0x38610
0, 0x3a910
2, 2
3, 0
3, 0
3, 0
3, 0
3, 0
3, 0
3, 0
3, 0
3, 0
3, 0
3, 0
3, 0
3, 0
3, 0
3, 0
3, 0
0, 0x38690
0, 0x3a990
0, 0x38710
0, 0x3aa10
0, 0x38790
0, 0x3aa90
0, 0x38810
0, 0x3ab10
0, 0x38890
0, 0x3ab90
0, 0x38910
0, 0x3ac10
0, 0x38990
0, 0x3ac90
0, 0x38a10
0, 0x3ad10
1, 0x3a910
0, 0x38690
0, 0x3a990
2, 2
3, 0
3, 0
3, 0
3, 0
3, 0
3, 0
3, 0
3, 0
3, 0
3, 0
3, 0
3, 0
3, 0
3, 0
3, 0
3, 0
1, 0x3a990
0, 0x38710
0, 0x3aa10
2, 2
3, 0
3, 0
3, 0
3, 0
3, 0
3, 0
3, 0
3, 0
3, 0
3, 0
3, 0
3, 0
3, 0
3, 0
3, 0
3, 0
1, 0x3aa10
0, 0x38790
0, 0x3aa90
2, 2
3, 0
3, 0
3, 0
3, 0
3, 0
3, 0
3, 0
3, 0
3, 0
3, 0
3, 0
3, 0
3, 0
3, 0
3, 0
3, 0
1, 0x3aa90
0, 0x38810
0, 0x3ab10
2, 2
3, 0
3, 0
3, 0
3, 0
3, 0
3, 0
3, 0
3, 0
3, 0
3, 0
3, 0
3, 0
3, 0
3, 0
3, 0
3, 0
1, 0x3ab10
0, 0x38890
0, 0x3ab90
2, 2
3, 0
3, 0
3, 0
3, 0
3, 0
3, 0
3, 0
3, 0
3, 0
3, 0
3, 0
3, 0
3, 0
3, 0
3, 0
3, 0
1, 0x3ab90
0, 0x38910
0, 0x3ac10
2, 2
3, 0
3, 0
3, 0
3, 0
3, 0
3, 0
3, 0
3, 0
3, 0
3, 0
3, 0
3, 0
3, 0
3, 0
3, 0
3, 0
1, 0x3ac10
0, 0x38990
0, 0x3ac90
2, 2
3, 0
3, 0
3, 0
3, 0
3, 0
3, 0
3, 0
3, 0
3, 0
3, 0
3, 0
3, 0
3, 0
3, 0
3, 0
3, 0
1, 0x3ac90
0, 0x38a10
0, 0x3ad10
2, 2
3, 0
3, 0
3, 0
3, 0
3, 0
3, 0
3, 0
3, 0
3, 0
3, 0
3, 0
3, 0
3, 0
3, 0
3, 0
3, 0
0, 0x38a90
0, 0x3ad90
0, 0x38b10
0, 0x3ae10
0, 0x38b90
0, 0x3ae90
0, 0x38c10
0, 0x3af10
0, 0x38c90
0, 0x3af90
0, 0x38d10
0, 0x3b010
0, 0x38d90
0, 0x3b090
0, 0x38e10
0, 0x3b110
1, 0x3ad10
0, 0x38a90
0, 0x3ad90
2, 2
3, 0
3, 0
3, 0
3, 0
3, 0
3, 0
3, 0
3, 0
3, 0
3, 0
3, 0
3, 0
3, 0
3, 0
3, 0
3, 0
1, 0x3ad90
0, 0x38b10
0, 0x3ae10
2, 2
3, 0
3, 0
3, 0
3, 0
3, 0
3, 0
3, 0
3, 0
3, 0
3, 0
3, 0
3, 0
3, 0
3, 0
3, 0
3, 0
1, 0x3ae10
0, 0x38b90
0, 0x3ae90
2, 2
3, 0
3, 0
3, 0
3, 0
3, 0
3, 0
3, 0
3, 0
3, 0
3, 0
3, 0
3, 0
3, 0
3, 0
3, 0
3, 0
1, 0x3ae90
0, 0x38c10
0, 0x3af10
2, 2
3, 0
3, 0
3, 0
3, 0
3, 0
3, 0
3, 0
3, 0
3, 0
3, 0
3, 0
3, 0
3, 0
3, 0
3, 0
3, 0
1, 0x3af10
0, 0x38c90
0, 0x3af90
2, 2
3, 0
3, 0
3, 0
3, 0
3, 0
3, 0
3, 0
3, 0
3, 0
3, 0
3, 0
3, 0
3, 0
3, 0
3, 0
3, 0
1, 0x3af90
0, 0x38d10
0, 0x3b010
2, 2
3, 0
3, 0
3, 0
3, 0
3, 0
3, 0
3, 0
3, 0
3, 0
3, 0
3, 0
3, 0
3, 0
3, 0
3, 0
3, 0
1, 0x3b010
0, 0x38d90
0, 0x3b090
2, 2
3, 0
3, 0
3, 0
3, 0
3, 0
3, 0
3, 0
3, 0
3, 0
3, 0
3, 0
3, 0
3, 0
3, 0
3, 0
3, 0
1, 0x3b090
0, 0x38e10
0, 0x3b110
2, 2
3, 0
3, 0
3, 0
3, 0
3, 0
3, 0
3, 0
3, 0
3, 0
3, 0
3, 0
3, 0
3, 0
3, 0
3, 0
3, 0
0, 0x38e90
0, 0x3b190
0, 0x38f10
0, 0x3b210
0, 0x38f90
0, 0x3b290
0, 0x39010
0, 0x3b310
0, 0x39090
0, 0x3b390
0, 0x39110
0, 0x3b410
0, 0x39190
0, 0x3b490
0, 0x39210
0, 0x3b510
1, 0x3b110
0, 0x38e90
0, 0x3b190
2, 2
3, 0
3, 0
3, 0
3, 0
3, 0
3, 0
3, 0
3, 0
3, 0
3, 0
3, 0
3, 0
3, 0
3, 0
3, 0
3, 0
1, 0x3b190
0, 0x38f10
0, 0x3b210
2, 2
3, 0
3, 0
3, 0
3, 0
3, 0
3, 0
3, 0
3, 0
3, 0
3, 0
3, 0
3, 0
3, 0
3, 0
3, 0
3, 0
1, 0x3b210
0, 0x38f90
0, 0x3b290
2, 2
3, 0
3, 0
3, 0
3, 0
3, 0
3, 0
3, 0
3, 0
3, 0
3, 0
3, 0
3, 0
3, 0
3, 0
3, 0
3, 0
1, 0x3b290
0, 0x39010
0, 0x3b310
2, 2
3, 0
3, 0
3, 0
3, 0
3, 0
3, 0
3, 0
3, 0
3, 0
3, 0
3, 0
3, 0
3, 0
3, 0
3, 0
3, 0
1, 0x3b310
0, 0x39090
0, 0x3b390
2, 2
3, 0
3, 0
3, 0
3, 0
3, 0
3, 0
3, 0
3, 0
3, 0
3, 0
3, 0
3, 0
3, 0
3, 0
3, 0
3, 0
1, 0x3b390
0, 0x39110
0, 0x3b410
2, 2
3, 0
3, 0
3, 0
3, 0
3, 0
3, 0
3, 0
3, 0
3, 0
3, 0
3, 0
3, 0
3, 0
3, 0
3, 0
3, 0
1, 0x3b410
0, 0x39190
0, 0x3b490
2, 2
3, 0
3, 0
3, 0
3, 0
3, 0
3, 0
3, 0
3, 0
3, 0
3, 0
3, 0
3, 0
3, 0
3, 0
3, 0
3, 0
1, 0x3b490
0, 0x39210
0, 0x3b510
2, 2
3, 0
3, 0
3, 0
3, 0
3, 0
3, 0
3, 0
3, 0
3, 0
3, 0
3, 0
3, 0
3, 0
3, 0
3, 0
3, 0
0, 0x39290
0, 0x3b590
0, 0x39310
0, 0x3b610
0, 0x39390
0, 0x3b690
0, 0x39410
0, 0x3b710
0, 0x39490
0, 0x3b790
0, 0x39510
0, 0x3b810
0, 0x39590
0, 0x3b890
0, 0x39610
0, 0x3b910
1, 0x3b510
0, 0x39290
0, 0x3b590
2, 2
3, 0
3, 0
3, 0
3, 0
3, 0
3, 0
3, 0
3, 0
3, 0
3, 0
3, 0
3, 0
3, 0
3, 0
3, 0
3, 0
1, 0x3b590
0, 0x39310
0, 0x3b610
2, 2
3, 0
3, 0
3, 0
3, 0
3, 0
3, 0
3, 0
3, 0
3, 0
3, 0
3, 0
3, 0
3, 0
3, 0
3, 0
3, 0
1, 0x3b610
0, 0x39390
0, 0x3b690
2, 2
3, 0
3, 0
3, 0
3, 0
3, 0
3, 0
3, 0
3, 0
3, 0
3, 0
3, 0
3, 0
3, 0
3, 0
3, 0
3, 0
1, 0x3b690
0, 0x39410
0, 0x3b710
2, 2
3, 0
3, 0
3, 0
3, 0
3, 0
3, 0
3, 0
3, 0
3, 0
3, 0
3, 0
3, 0
3, 0
3, 0
3, 0
3, 0
1, 0x3b710
0, 0x39490
0, 0x3b790
2, 2
3, 0
3, 0
3, 0
3, 0
3, 0
3, 0
3, 0
3, 0
3, 0
3, 0
3, 0
3, 0
3, 0
3, 0
3, 0
3, 0
1, 0x3b790
0, 0x39510
0, 0x3b810
2, 2
3, 0
3, 0
3, 0
3, 0
3, 0
3, 0
3, 0
3, 0
3, 0
3, 0
3, 0
3, 0
3, 0
3, 0
3, 0
3, 0
1, 0x3b810
0, 0x39590
0, 0x3b890
2, 2
3, 0
3, 0
3, 0
3, 0
3, 0
3, 0
3, 0
3, 0
3, 0
3, 0
3, 0
3, 0
3, 0
3, 0
3, 0
3, 0
1, 0x3b890
0, 0x39610
0, 0x3b910
2, 2
3, 0
3, 0
3, 0
3, 0
3, 0
3, 0
3, 0
3, 0
3, 0
3, 0
3, 0
3, 0
3, 0
3, 0
3, 0
3, 0
0, 0x39690
0, 0x3b990
0, 0x39710
0, 0x3ba10
0, 0x39790
0, 0x3ba90
0, 0x39810
0, 0x3bb10
0, 0x39890
0, 0x3bb90
0, 0x39910
0, 0x3bc10
0, 0x39990
0, 0x3bc90
0, 0x39a10
0, 0x3bd10
1, 0x3b910
0, 0x39690
0, 0x3b990
2, 2
3, 0
3, 0
3, 0
3, 0
3, 0
3, 0
3, 0
3, 0
3, 0
3, 0
3, 0
3, 0
3, 0
3, 0
3, 0
3, 0
1, 0x3b990
0, 0x39710
0, 0x3ba10
2, 2
3, 0
3, 0
3, 0
3, 0
3, 0
3, 0
3, 0
3, 0
3, 0
3, 0
3, 0
3, 0
3, 0
3, 0
3, 0
3, 0
1, 0x3ba10
0, 0x39790
0, 0x3ba90
2, 2
3, 0
3, 0
3, 0
3, 0
3, 0
3, 0
3, 0
3, 0
3, 0
3, 0
3, 0
3, 0
3, 0
3, 0
3, 0
3, 0
1, 0x3ba90
0, 0x39810
0, 0x3bb10
2, 2
3, 0
3, 0
3, 0
3, 0
3, 0
3, 0
3, 0
3, 0
3, 0
3, 0
3, 0
3, 0
3, 0
3, 0
3, 0
3, 0
1, 0x3bb10
0, 0x39890
0, 0x3bb90
2, 2
3, 0
3, 0
3, 0
3, 0
3, 0
3, 0
3, 0
3, 0
3, 0
3, 0
3, 0
3, 0
3, 0
3, 0
3, 0
3, 0
1, 0x3bb90
0, 0x39910
0, 0x3bc10
2, 2
3, 0
3, 0
3, 0
3, 0
3, 0
3, 0
3, 0
3, 0
3, 0
3, 0
3, 0
3, 0
3, 0
3, 0
3, 0
3, 0
1, 0x3bc10
0, 0x39990
0, 0x3bc90
2, 2
3, 0
3, 0
3, 0
3, 0
3, 0
3, 0
3, 0
3, 0
3, 0
3, 0
3, 0
3, 0
3, 0
3, 0
3, 0
3, 0
1, 0x3bc90
0, 0x39a10
0, 0x3bd10
2, 2
3, 0
3, 0
3, 0
3, 0
3, 0
3, 0
3, 0
3, 0
3, 0
3, 0
3, 0
3, 0
3, 0
3, 0
3, 0
3, 0
0, 0x39a90
0, 0x3bd90
0, 0x39b10
0, 0x3be10
0, 0x39b90
0, 0x3be90
0, 0x39c10
0, 0x3bf10
0, 0x39c90
0, 0x3bf90
0, 0x39d10
0, 0x3c010
0, 0x39d90
0, 0x3c090
0, 0x39e10
0, 0x3c110
1, 0x3bd10
0, 0x39a90
0, 0x3bd90
2, 2
3, 0
3, 0
3, 0
3, 0
3, 0
3, 0
3, 0
3, 0
3, 0
3, 0
3, 0
3, 0
3, 0
3, 0
3, 0
3, 0
1, 0x3bd90
0, 0x39b10
0, 0x3be10
2, 2
3, 0
3, 0
3, 0
3, 0
3, 0
3, 0
3, 0
3, 0
3, 0
3, 0
3, 0
3, 0
3, 0
3, 0
3, 0
3, 0
1, 0x3be10
0, 0x39b90
0, 0x3be90
2, 2
3, 0
3, 0
3, 0
3, 0
3, 0
3, 0
3, 0
3, 0
3, 0
3, 0
3, 0
3, 0
3, 0
3, 0
3, 0
3, 0
1, 0x3be90
0, 0x39c10
0, 0x3bf10
2, 2
3, 0
3, 0
3, 0
3, 0
3, 0
3, 0
3, 0
3, 0
3, 0
3, 0
3, 0
3, 0
3, 0
3, 0
3, 0
3, 0
1, 0x3bf10
0, 0x39c90
0, 0x3bf90
2, 2
3, 0
3, 0
3, 0
3, 0
3, 0
3, 0
3, 0
3, 0
3, 0
3, 0
3, 0
3, 0
3, 0
3, 0
3, 0
3, 0
1, 0x3bf90
0, 0x39d10
0, 0x3c010
2, 2
3, 0
3, 0
3, 0
3, 0
3, 0
3, 0
3, 0
3, 0
3, 0
3, 0
3, 0
3, 0
3, 0
3, 0
3, 0
3, 0
1, 0x3c010
0, 0x39d90
0, 0x3c090
2, 2
3, 0
3, 0
3, 0
3, 0
3, 0
3, 0
3, 0
3, 0
3, 0
3, 0
3, 0
3, 0
3, 0
3, 0
3, 0
3, 0
1, 0x3c090
0, 0x39e10
0, 0x3c110
2, 2
3, 0
3, 0
3, 0
3, 0
3, 0
3, 0
3, 0
3, 0
3, 0
3, 0
3, 0
3, 0
3, 0
3, 0
3, 0
3, 0
0, 0x39e90
0, 0x3c190
0, 0x39f10
0, 0x3c210
0, 0x39f90
0, 0x3c290
0, 0x3a010
0, 0x3c310
0, 0x3a090
0, 0x3c390
0, 0x3a110
0, 0x3c410
0, 0x3a190
0, 0x3c490
1, 0x3c110
0, 0x39e90
0, 0x3c190
2, 2
3, 0
3, 0
3, 0
3, 0
3, 0
3, 0
3, 0
3, 0
3, 0
3, 0
3, 0
3, 0
3, 0
3, 0
3, 0
3, 0
1, 0x3c190
0, 0x39f10
0, 0x3c210
2, 2
3, 0
3, 0
3, 0
3, 0
3, 0
3, 0
3, 0
3, 0
3, 0
3, 0
3, 0
3, 0
3, 0
3, 0
3, 0
3, 0
1, 0x3c210
0, 0x39f90
0, 0x3c290
2, 2
3, 0
3, 0
3, 0
3, 0
3, 0
3, 0
3, 0
3, 0
3, 0
3, 0
3, 0
3, 0
3, 0
3, 0
3, 0
3, 0
1, 0x3c290
0, 0x3a010
0, 0x3c310
2, 2
3, 0
3, 0
3, 0
3, 0
3, 0
3, 0
3, 0
3, 0
3, 0
3, 0
3, 0
3, 0
3, 0
3, 0
3, 0
3, 0
1, 0x3c310
0, 0x3a090
0, 0x3c390
2, 2
3, 0
3, 0
3, 0
3, 0
3, 0
3, 0
3, 0
3, 0
3, 0
3, 0
3, 0
3, 0
3, 0
3, 0
3, 0
3, 0
1, 0x3c390
0, 0x3a110
0, 0x3c410
2, 2
3, 0
3, 0
3, 0
3, 0
3, 0
3, 0
3, 0
3, 0
3, 0
3, 0
3, 0
3, 0
3, 0
3, 0
3, 0
3, 0
1, 0x3c410
0, 0x3a190
0, 0x3c490
2, 2
3, 0
3, 0
3, 0
3, 0
3, 0
3, 0
3, 0
3, 0
3, 0
3, 0
3, 0
3, 0
3, 0
3, 0
3, 0
3, 0
1, 0x3c490
